date,time,ms
15-6-2020,11:23:12,3.176
15-6-2020,11:23:13,2.297
15-6-2020,11:23:14,2.539
15-6-2020,11:23:15,2.422
15-6-2020,11:23:16,2.6
15-6-2020,11:23:17,2.766
15-6-2020,11:23:18,3.708
15-6-2020,11:23:19,2.57
15-6-2020,11:23:20,2.984
15-6-2020,11:23:21,2.904
15-6-2020,11:23:22,3.381
15-6-2020,11:23:23,2.381
15-6-2020,11:23:24,5.196
15-6-2020,11:23:25,3.731
15-6-2020,11:23:26,2.658
15-6-2020,11:23:27,2.738
15-6-2020,11:23:28,2.613
15-6-2020,11:23:29,2.445
15-6-2020,11:23:30,2.937
15-6-2020,11:23:31,3.598
15-6-2020,11:23:32,4.988
15-6-2020,11:23:33,2.627
15-6-2020,11:23:34,3.002
15-6-2020,11:23:35,2.382
15-6-2020,11:23:36,2.767
15-6-2020,11:23:37,2.37
15-6-2020,11:23:38,2.996
15-6-2020,11:23:39,3.151
15-6-2020,11:23:40,3.642
15-6-2020,11:23:41,3.792
15-6-2020,11:23:42,3.288
15-6-2020,11:23:43,3.458
15-6-2020,11:23:44,4.644
15-6-2020,11:23:45,2.958
15-6-2020,11:23:46,2.34
15-6-2020,11:23:47,3.169
15-6-2020,11:23:48,2.873
15-6-2020,11:23:49,4.273
15-6-2020,11:23:50,2.551
15-6-2020,11:23:51,2.348
15-6-2020,11:23:52,2.521
15-6-2020,11:23:53,3.469
15-6-2020,11:23:54,3.713
15-6-2020,11:23:55,3.342
15-6-2020,11:23:56,2.583
15-6-2020,11:23:57,2.824
15-6-2020,11:23:58,2.393
15-6-2020,11:23:59,2.527
15-6-2020,11:24:00,3.155
15-6-2020,11:24:01,3.197
15-6-2020,11:24:02,2.517
15-6-2020,11:24:03,3.647
15-6-2020,11:24:04,3.541
15-6-2020,11:24:05,2.617
15-6-2020,11:24:06,2.473
15-6-2020,11:24:07,2.23
15-6-2020,11:24:08,2.41
15-6-2020,11:24:09,3.682
15-6-2020,11:24:10,2.695
15-6-2020,11:24:11,4.695
15-6-2020,11:24:12,2.467
15-6-2020,11:24:13,2.896
15-6-2020,11:24:14,3.19
15-6-2020,11:24:15,2.893
15-6-2020,11:24:16,2.497
15-6-2020,11:24:17,2.833
15-6-2020,11:24:18,3.298
15-6-2020,11:24:19,2.541
15-6-2020,11:24:20,3.102
15-6-2020,11:24:21,5.478
15-6-2020,11:24:22,2.412
15-6-2020,11:24:23,2.808
15-6-2020,11:24:24,4.642
15-6-2020,11:24:25,2.862
15-6-2020,11:24:26,4.518
15-6-2020,11:24:27,2.952
15-6-2020,11:24:28,2.52
15-6-2020,11:24:29,3.023
15-6-2020,11:24:30,2.686
15-6-2020,11:24:31,3.856
15-6-2020,11:24:32,2.856
15-6-2020,11:24:33,2.458
15-6-2020,11:24:34,2.815
15-6-2020,11:24:35,2.69
15-6-2020,11:24:36,2.985
15-6-2020,11:24:37,2.659
15-6-2020,11:24:38,2.492
15-6-2020,11:24:39,4.938
15-6-2020,11:24:40,2.595
15-6-2020,11:24:41,2.399
15-6-2020,11:24:42,3.027
15-6-2020,11:24:43,2.51
15-6-2020,11:24:44,4.895
15-6-2020,11:24:45,4.368
15-6-2020,11:24:46,2.555
15-6-2020,11:24:47,3.229
15-6-2020,11:24:48,2.705
15-6-2020,11:24:49,3.558
15-6-2020,11:24:50,2.976
15-6-2020,11:24:51,2.808
15-6-2020,11:24:52,2.76
15-6-2020,11:24:53,3.659
15-6-2020,11:24:54,3.387
15-6-2020,11:24:55,2.439
15-6-2020,11:24:56,7.465
15-6-2020,11:24:57,3.146
15-6-2020,11:24:58,3.817
15-6-2020,11:24:59,4.072
15-6-2020,11:25:00,3.235
15-6-2020,11:25:01,2.725
15-6-2020,11:25:02,2.85
15-6-2020,11:25:03,3.952
15-6-2020,11:25:04,3.649
15-6-2020,11:25:05,2.632
15-6-2020,11:25:06,3.815
15-6-2020,11:25:07,2.547
15-6-2020,11:25:08,2.964
15-6-2020,11:25:09,3.404
15-6-2020,11:25:10,2.463
15-6-2020,11:25:11,2.949
15-6-2020,11:25:12,9.798
15-6-2020,11:25:13,3.46
15-6-2020,11:25:14,2.973
15-6-2020,11:25:15,2.856
15-6-2020,11:25:16,2.632
15-6-2020,11:25:17,2.775
15-6-2020,11:25:18,2.899
15-6-2020,11:25:19,3.164
15-6-2020,11:25:20,2.884
15-6-2020,11:25:21,2.264
15-6-2020,11:25:22,2.308
15-6-2020,11:25:23,2.627
15-6-2020,11:25:25,2.933
15-6-2020,11:25:26,3.21
15-6-2020,11:25:27,5.94
15-6-2020,11:25:28,3.881
15-6-2020,11:25:29,2.798
15-6-2020,11:25:30,3.431
15-6-2020,11:25:31,2.887
15-6-2020,11:25:32,4.098
15-6-2020,11:25:33,2.889
15-6-2020,11:25:34,2.72
15-6-2020,11:25:35,3.319
15-6-2020,11:25:36,4.269
15-6-2020,11:25:37,2.609
15-6-2020,11:25:38,3.216
15-6-2020,11:25:39,3.246
15-6-2020,11:25:40,2.396
15-6-2020,11:25:41,2.892
15-6-2020,11:25:42,3.602
15-6-2020,11:25:43,2.851
15-6-2020,11:25:44,3.183
15-6-2020,11:25:45,3.409
15-6-2020,11:25:46,2.824
15-6-2020,11:25:47,3.922
15-6-2020,11:25:48,3.526
15-6-2020,11:25:49,2.452
15-6-2020,11:25:50,3.042
15-6-2020,11:25:51,2.843
15-6-2020,11:25:52,6.917
15-6-2020,11:25:53,2.244
15-6-2020,11:25:54,2.346
15-6-2020,11:25:55,2.662
15-6-2020,11:25:56,2.945
15-6-2020,11:25:57,2.831
15-6-2020,11:25:58,2.436
15-6-2020,11:25:59,2.37
15-6-2020,11:26:00,2.61
15-6-2020,11:26:01,2.967
15-6-2020,11:26:02,2.837
15-6-2020,11:26:03,2.127
15-6-2020,11:26:04,3.39
15-6-2020,11:26:05,2.746
15-6-2020,11:26:06,2.391
15-6-2020,11:26:07,2.313
15-6-2020,11:26:08,2.775
15-6-2020,11:26:09,2.299
15-6-2020,11:26:10,2.762
15-6-2020,11:26:11,2.587
15-6-2020,11:26:12,2.682
15-6-2020,11:26:13,2.385
15-6-2020,11:26:14,2.951
15-6-2020,11:26:15,4.064
15-6-2020,11:26:16,3.321
15-6-2020,11:26:17,2.2
15-6-2020,11:26:18,2.816
15-6-2020,11:26:19,3.153
15-6-2020,11:26:20,2.963
15-6-2020,11:26:21,2.938
15-6-2020,11:26:22,2.412
15-6-2020,11:26:23,4.184
15-6-2020,11:26:24,2.89
15-6-2020,11:26:25,2.699
15-6-2020,11:26:26,2.249
15-6-2020,11:26:27,5.756
15-6-2020,11:26:28,2.897
15-6-2020,11:26:29,3.335
15-6-2020,11:26:30,2.314
15-6-2020,11:26:31,2.585
15-6-2020,11:26:32,2.616
15-6-2020,11:26:33,2.877
15-6-2020,11:26:34,3.595
15-6-2020,11:26:35,2.683
15-6-2020,11:26:36,3.052
15-6-2020,11:26:37,2.94
15-6-2020,11:26:38,3.149
15-6-2020,11:26:39,2.421
15-6-2020,11:26:40,3.178
15-6-2020,11:26:41,2.579
15-6-2020,11:26:42,3.112
15-6-2020,11:26:43,5.539
15-6-2020,11:26:44,2.936
15-6-2020,11:26:45,2.919
15-6-2020,11:26:46,2.796
15-6-2020,11:26:47,2.636
15-6-2020,11:26:48,2.56
15-6-2020,11:26:49,3.153
15-6-2020,11:26:50,3.456
15-6-2020,11:26:51,5.418
15-6-2020,11:26:52,3.371
15-6-2020,11:26:53,2.169
15-6-2020,11:26:54,3.158
15-6-2020,11:26:55,3.086
15-6-2020,11:26:56,2.162
15-6-2020,11:26:57,2.3
15-6-2020,11:26:58,2.626
15-6-2020,11:26:59,3.289
15-6-2020,11:27:00,4.427
15-6-2020,11:27:01,3.119
15-6-2020,11:27:02,2.595
15-6-2020,11:27:03,5.053
15-6-2020,11:27:04,3.27
15-6-2020,11:27:05,3.393
15-6-2020,11:27:06,2.745
15-6-2020,11:27:07,2.493
15-6-2020,11:27:08,2.685
15-6-2020,11:27:09,2.382
15-6-2020,11:27:10,3.063
15-6-2020,11:27:11,2.295
15-6-2020,11:27:12,2.822
15-6-2020,11:27:13,2.334
15-6-2020,11:27:14,4.491
15-6-2020,11:27:15,2.661
15-6-2020,11:27:16,2.47
15-6-2020,11:27:17,3.041
15-6-2020,11:27:18,2.391
15-6-2020,11:27:19,2.709
15-6-2020,11:27:20,2.992
15-6-2020,11:27:21,4.102
15-6-2020,11:27:22,2.309
15-6-2020,11:27:23,2.559
15-6-2020,11:27:24,2.306
15-6-2020,11:27:25,2.663
15-6-2020,11:27:26,2.642
15-6-2020,11:27:27,2.766
15-6-2020,11:27:28,2.298
15-6-2020,11:27:29,2.897
15-6-2020,11:27:30,2.968
15-6-2020,11:27:31,2.453
15-6-2020,11:27:32,7.26
15-6-2020,11:27:33,2.461
15-6-2020,11:27:34,3.574
15-6-2020,11:27:35,2.409
15-6-2020,11:27:36,3.036
15-6-2020,11:27:37,5.571
15-6-2020,11:27:38,3.349
15-6-2020,11:27:39,2.536
15-6-2020,11:27:40,3.077
15-6-2020,11:27:41,2.559
15-6-2020,11:27:42,2.715
15-6-2020,11:27:43,2.066
15-6-2020,11:27:44,2.967
15-6-2020,11:27:45,3.339
15-6-2020,11:27:46,3.599
15-6-2020,11:27:47,2.707
15-6-2020,11:27:48,2.44
15-6-2020,11:27:49,2.624
15-6-2020,11:27:50,2.67
15-6-2020,11:27:51,2.67
15-6-2020,11:27:52,2.811
15-6-2020,11:27:53,3.175
15-6-2020,11:27:54,2.264
15-6-2020,11:27:55,2.236
15-6-2020,11:27:56,2.542
15-6-2020,11:27:57,2.225
15-6-2020,11:27:58,2.464
15-6-2020,11:27:59,3.173
15-6-2020,11:28:00,2.924
15-6-2020,11:28:01,3.005
15-6-2020,11:28:02,2.711
15-6-2020,11:28:03,2.995
15-6-2020,11:28:04,2.685
15-6-2020,11:28:05,5.531
15-6-2020,11:28:06,5.514
15-6-2020,11:28:07,2.498
15-6-2020,11:28:08,2.393
15-6-2020,11:28:09,2.279
15-6-2020,11:28:10,2.525
15-6-2020,11:28:11,2.945
15-6-2020,11:28:12,2.438
15-6-2020,11:28:13,2.814
15-6-2020,11:28:14,3.49
15-6-2020,11:28:15,3.967
15-6-2020,11:28:16,2.774
15-6-2020,11:28:17,2.524
15-6-2020,11:28:18,2.233
15-6-2020,11:28:19,2.366
15-6-2020,11:28:20,2.227
15-6-2020,11:28:21,2.836
15-6-2020,11:28:22,2.368
15-6-2020,11:28:23,4.158
15-6-2020,11:28:24,4.631
15-6-2020,11:28:25,3.308
15-6-2020,11:28:26,2.348
15-6-2020,11:28:27,2.681
15-6-2020,11:28:28,2.874
15-6-2020,11:28:29,4.93
15-6-2020,11:28:30,3.679
15-6-2020,11:28:31,3.271
15-6-2020,11:28:32,2.979
15-6-2020,11:28:33,3.066
15-6-2020,11:28:34,2.923
15-6-2020,11:28:35,3.574
15-6-2020,11:28:36,2.842
15-6-2020,11:28:37,3.889
15-6-2020,11:28:38,3.006
15-6-2020,11:28:39,4.247
15-6-2020,11:28:40,2.717
15-6-2020,11:28:41,3.062
15-6-2020,11:28:42,3.633
15-6-2020,11:28:43,8.186
15-6-2020,11:28:44,3.34
15-6-2020,11:28:45,2.788
15-6-2020,11:28:46,3.573
15-6-2020,11:28:47,3.874
15-6-2020,11:28:48,2.652
15-6-2020,11:28:49,2.265
15-6-2020,11:28:50,3.231
15-6-2020,11:28:51,3.089
15-6-2020,11:28:52,2.431
15-6-2020,11:28:53,3.164
15-6-2020,11:28:54,2.92
15-6-2020,11:28:55,3.212
15-6-2020,11:28:56,2.95
15-6-2020,11:28:57,2.927
15-6-2020,11:28:58,2.567
15-6-2020,11:28:59,2.818
15-6-2020,11:29:00,2.999
15-6-2020,11:29:01,2.571
15-6-2020,11:29:02,2.563
15-6-2020,11:29:03,2.969
15-6-2020,11:29:04,2.936
15-6-2020,11:29:05,3.378
15-6-2020,11:29:06,2.333
15-6-2020,11:29:07,2.807
15-6-2020,11:29:08,2.761
15-6-2020,11:29:09,2.609
15-6-2020,11:29:10,2.603
15-6-2020,11:29:11,2.701
15-6-2020,11:29:12,2.572
15-6-2020,11:29:13,2.704
15-6-2020,11:29:14,3.103
15-6-2020,11:29:15,2.985
15-6-2020,11:29:16,2.794
15-6-2020,11:29:17,3.059
15-6-2020,11:29:18,2.547
15-6-2020,11:29:19,2.633
15-6-2020,11:29:20,2.806
15-6-2020,11:29:21,2.72
15-6-2020,11:29:22,3.034
15-6-2020,11:29:23,3.195
15-6-2020,11:29:24,3.148
15-6-2020,11:29:25,3.105
15-6-2020,11:29:26,4.929
15-6-2020,11:29:27,3.29
15-6-2020,11:29:28,3.05
15-6-2020,11:29:29,3.344
15-6-2020,11:29:30,2.955
15-6-2020,11:29:31,2.792
15-6-2020,11:29:32,5.175
15-6-2020,11:29:33,3.433
15-6-2020,11:29:34,3.185
15-6-2020,11:29:35,2.312
15-6-2020,11:29:36,4.924
15-6-2020,11:29:37,2.586
15-6-2020,11:29:38,3.103
15-6-2020,11:29:39,2.719
15-6-2020,11:29:40,2.955
15-6-2020,11:29:41,3.126
15-6-2020,11:29:42,3.115
15-6-2020,11:29:43,3.169
15-6-2020,11:29:44,5.33
15-6-2020,11:29:45,3.236
15-6-2020,11:29:46,2.698
15-6-2020,11:29:47,2.826
15-6-2020,11:29:48,2.439
15-6-2020,11:29:49,2.825
15-6-2020,11:29:51,2.436
15-6-2020,11:29:52,2.545
15-6-2020,11:29:53,4.259
15-6-2020,11:29:54,6.247
15-6-2020,11:29:55,3.534
15-6-2020,11:29:56,2.353
15-6-2020,11:29:57,3.19
15-6-2020,11:29:58,2.89
15-6-2020,11:29:59,2.54
15-6-2020,11:30:00,3.187
15-6-2020,11:30:01,2.59
15-6-2020,11:30:02,3.318
15-6-2020,11:30:03,2.844
15-6-2020,11:30:04,3.157
15-6-2020,11:30:05,2.665
15-6-2020,11:30:06,3.049
15-6-2020,11:30:07,2.733
15-6-2020,11:30:08,3.36
15-6-2020,11:30:09,2.414
15-6-2020,11:30:10,2.576
15-6-2020,11:30:11,3.865
15-6-2020,11:30:12,3.226
15-6-2020,11:30:13,2.989
15-6-2020,11:30:14,3.028
15-6-2020,11:30:15,5.994
15-6-2020,11:30:16,3.266
15-6-2020,11:30:17,2.055
15-6-2020,11:30:18,3.056
15-6-2020,11:30:19,2.247
15-6-2020,11:30:20,3.482
15-6-2020,11:30:21,4.296
15-6-2020,11:30:22,2.177
15-6-2020,11:30:23,2.916
15-6-2020,11:30:24,2.767
15-6-2020,11:30:25,2.969
15-6-2020,11:30:26,3.226
15-6-2020,11:30:27,4.15
15-6-2020,11:30:28,3.395
15-6-2020,11:30:29,2.375
15-6-2020,11:30:30,5.062
15-6-2020,11:30:31,3.929
15-6-2020,11:30:32,3.157
15-6-2020,11:30:33,2.375
15-6-2020,11:30:34,2.407
15-6-2020,11:30:35,2.917
15-6-2020,11:30:36,3.026
15-6-2020,11:30:37,3.67
15-6-2020,11:30:38,2.68
15-6-2020,11:30:39,2.528
15-6-2020,11:30:40,2.65
15-6-2020,11:30:41,5.872
15-6-2020,11:30:42,2.793
15-6-2020,11:30:43,2.441
15-6-2020,11:30:44,3.134
15-6-2020,11:30:45,2.583
15-6-2020,11:30:46,2.654
15-6-2020,11:30:47,2.502
15-6-2020,11:30:48,3.792
15-6-2020,11:30:49,2.394
15-6-2020,11:30:50,2.638
15-6-2020,11:30:51,3.076
15-6-2020,11:30:52,3.584
15-6-2020,11:30:53,3.773
15-6-2020,11:30:54,2.921
15-6-2020,11:30:55,3.127
15-6-2020,11:30:56,2.924
15-6-2020,11:30:57,2.733
15-6-2020,11:30:58,2.497
15-6-2020,11:30:59,3.372
15-6-2020,11:31:00,2.297
15-6-2020,11:31:01,2.504
15-6-2020,11:31:02,3.014
15-6-2020,11:31:03,2.493
15-6-2020,11:31:04,3.154
15-6-2020,11:31:05,2.531
15-6-2020,11:31:06,2.349
15-6-2020,11:31:07,2.245
15-6-2020,11:31:08,4.322
15-6-2020,11:31:09,2.51
15-6-2020,11:31:10,2.155
15-6-2020,11:31:11,2.246
15-6-2020,11:31:12,2.323
15-6-2020,11:31:13,3.126
15-6-2020,11:31:14,2.747
15-6-2020,11:31:15,2.871
15-6-2020,11:31:16,2.178
15-6-2020,11:31:17,2.202
15-6-2020,11:31:18,2.675
15-6-2020,11:31:19,2.89
15-6-2020,11:31:20,2.586
15-6-2020,11:31:21,5.475
15-6-2020,11:31:22,2.283
15-6-2020,11:31:23,2.577
15-6-2020,11:31:24,4.068
15-6-2020,11:31:25,4.714
15-6-2020,11:31:26,2.384
15-6-2020,11:31:27,2.553
15-6-2020,11:31:28,2.535
15-6-2020,11:31:29,2.308
15-6-2020,11:31:30,2.9
15-6-2020,11:31:31,2.51
15-6-2020,11:31:32,2.504
15-6-2020,11:31:33,4.673
15-6-2020,11:31:34,2.398
15-6-2020,11:31:35,3.472
15-6-2020,11:31:36,2.479
15-6-2020,11:31:37,2.398
15-6-2020,11:31:38,2.848
15-6-2020,11:31:39,3.61
15-6-2020,11:31:40,2.505
15-6-2020,11:31:41,3.288
15-6-2020,11:31:42,2.372
15-6-2020,11:31:43,2.847
15-6-2020,11:31:44,3.055
15-6-2020,11:31:45,3.829
15-6-2020,11:31:46,3.369
15-6-2020,11:31:47,2.752
15-6-2020,11:31:48,2.621
15-6-2020,11:31:49,2.638
15-6-2020,11:31:50,3.123
15-6-2020,11:31:51,3.73
15-6-2020,11:31:52,2.546
15-6-2020,11:31:53,2.542
15-6-2020,11:31:54,2.718
15-6-2020,11:31:55,2.949
15-6-2020,11:31:56,3.221
15-6-2020,11:31:57,2.691
15-6-2020,11:31:58,2.759
15-6-2020,11:31:59,3.192
15-6-2020,11:32:00,4.216
15-6-2020,11:32:01,3.121
15-6-2020,11:32:02,3.539
15-6-2020,11:32:03,2.75
15-6-2020,11:32:04,2.64
15-6-2020,11:32:05,2.009
15-6-2020,11:32:06,2.433
15-6-2020,11:32:07,3.305
15-6-2020,11:32:08,3.851
15-6-2020,11:32:09,2.665
15-6-2020,11:32:10,3.04
15-6-2020,11:32:11,2.688
15-6-2020,11:32:12,2.338
15-6-2020,11:32:13,3.193
15-6-2020,11:32:14,2.275
15-6-2020,11:32:15,2.319
15-6-2020,11:32:16,2.731
15-6-2020,11:32:17,3.017
15-6-2020,11:32:18,2.191
15-6-2020,11:32:19,8.048
15-6-2020,11:32:20,2.488
15-6-2020,11:32:21,3.148
15-6-2020,11:32:22,3.142
15-6-2020,11:32:23,2.318
15-6-2020,11:32:24,2.721
15-6-2020,11:32:25,3.328
15-6-2020,11:32:26,2.285
15-6-2020,11:32:27,2.57
15-6-2020,11:32:28,3.149
15-6-2020,11:32:29,2.585
15-6-2020,11:32:30,2.197
15-6-2020,11:32:31,4.382
15-6-2020,11:32:32,2.469
15-6-2020,11:32:33,3.084
15-6-2020,11:32:34,2.292
15-6-2020,11:32:35,2.383
15-6-2020,11:32:36,2.422
15-6-2020,11:32:37,2.442
15-6-2020,11:32:38,2.425
15-6-2020,11:32:39,2.802
15-6-2020,11:32:40,2.902
15-6-2020,11:32:41,2.475
15-6-2020,11:32:42,2.485
15-6-2020,11:32:43,2.305
15-6-2020,11:32:44,3.546
15-6-2020,11:32:45,2.754
15-6-2020,11:32:46,2.973
15-6-2020,11:32:47,2.425
15-6-2020,11:32:48,2.887
15-6-2020,11:32:49,3.171
15-6-2020,11:32:50,3.475
15-6-2020,11:32:51,3.167
15-6-2020,11:32:52,2.894
15-6-2020,11:32:53,3.254
15-6-2020,11:32:54,3.096
15-6-2020,11:32:55,2.682
15-6-2020,11:32:56,4.454
15-6-2020,11:32:57,6.116
15-6-2020,11:32:58,4.399
15-6-2020,11:32:59,2.289
15-6-2020,11:33:00,2.43
15-6-2020,11:33:01,2.724
15-6-2020,11:33:02,3.03
15-6-2020,11:33:03,2.882
15-6-2020,11:33:04,3.014
15-6-2020,11:33:05,2.092
15-6-2020,11:33:06,3.718
15-6-2020,11:33:08,2.908
15-6-2020,11:33:09,2.244
15-6-2020,11:33:10,2.58
15-6-2020,11:33:11,7.305
15-6-2020,11:33:12,2.683
15-6-2020,11:33:13,2.169
15-6-2020,11:33:14,2.723
15-6-2020,11:33:15,2.366
15-6-2020,11:33:16,3.343
15-6-2020,11:33:17,3.008
15-6-2020,11:33:18,2.235
15-6-2020,11:33:19,3.254
15-6-2020,11:33:20,9.07
15-6-2020,11:33:21,2.283
15-6-2020,11:33:22,1.96
15-6-2020,11:33:23,2.255
15-6-2020,11:33:24,2.304
15-6-2020,11:33:25,2.939
15-6-2020,11:33:26,2.916
15-6-2020,11:33:27,3.006
15-6-2020,11:33:28,2.442
15-6-2020,11:33:29,4.064
15-6-2020,11:33:30,2.401
15-6-2020,11:33:31,3.414
15-6-2020,11:33:32,2.918
15-6-2020,11:33:33,3.117
15-6-2020,11:33:34,1.935
15-6-2020,11:33:35,2.618
15-6-2020,11:33:36,5.31
15-6-2020,11:33:37,2.237
15-6-2020,11:33:38,7.541
15-6-2020,11:33:39,3.213
15-6-2020,11:33:40,3.759
15-6-2020,11:33:41,5.62
15-6-2020,11:33:42,3.148
15-6-2020,11:33:43,2.288
15-6-2020,11:33:44,2.831
15-6-2020,11:33:45,6.914
15-6-2020,11:33:46,3.096
15-6-2020,11:33:47,2.68
15-6-2020,11:33:48,2.768
15-6-2020,11:33:49,2.206
15-6-2020,11:33:50,3.955
15-6-2020,11:33:51,3.343
15-6-2020,11:33:52,2.737
15-6-2020,11:33:53,2.188
15-6-2020,11:33:54,2.398
15-6-2020,11:33:55,4.219
15-6-2020,11:33:56,2.579
15-6-2020,11:33:57,2.755
15-6-2020,11:33:58,2.625
15-6-2020,11:33:59,3.33
15-6-2020,11:34:00,2.618
15-6-2020,11:34:01,3.379
15-6-2020,11:34:02,2.77
15-6-2020,11:34:03,2.723
15-6-2020,11:34:04,2.586
15-6-2020,11:34:05,2.9
15-6-2020,11:34:06,3.452
15-6-2020,11:34:07,2.617
15-6-2020,11:34:08,2.88
15-6-2020,11:34:09,4.285
15-6-2020,11:34:10,2.978
15-6-2020,11:34:11,2.666
15-6-2020,11:34:12,7.298
15-6-2020,11:34:13,2.641
15-6-2020,11:34:14,2.88
15-6-2020,11:34:15,2.486
15-6-2020,11:34:16,2.982
15-6-2020,11:34:17,2.77
15-6-2020,11:34:18,2.784
15-6-2020,11:34:19,3.063
15-6-2020,11:34:20,5.073
15-6-2020,11:34:21,2.997
15-6-2020,11:34:22,2.434
15-6-2020,11:34:23,2.23
15-6-2020,11:34:24,2.229
15-6-2020,11:34:25,2.42
15-6-2020,11:34:26,2.622
15-6-2020,11:34:27,2.58
15-6-2020,11:34:28,2.672
15-6-2020,11:34:29,2.756
15-6-2020,11:34:30,2.668
15-6-2020,11:34:31,2.553
15-6-2020,11:34:32,2.699
15-6-2020,11:34:33,4.996
15-6-2020,11:34:34,2.782
15-6-2020,11:34:35,2.778
15-6-2020,11:34:36,2.755
15-6-2020,11:34:37,2.899
15-6-2020,11:34:38,2.384
15-6-2020,11:34:39,4.204
15-6-2020,11:34:40,2.722
15-6-2020,11:34:41,2.553
15-6-2020,11:34:42,2.765
15-6-2020,11:34:43,2.559
15-6-2020,11:34:44,2.384
15-6-2020,11:34:45,2.518
15-6-2020,11:34:46,3.179
15-6-2020,11:34:47,2.66
15-6-2020,11:34:48,3.69
15-6-2020,11:34:49,2.73
15-6-2020,11:34:50,3.399
15-6-2020,11:34:51,2.803
15-6-2020,11:34:52,2.432
15-6-2020,11:34:53,3.214
15-6-2020,11:34:54,2.534
15-6-2020,11:34:55,2.854
15-6-2020,11:34:56,2.821
15-6-2020,11:34:57,2.49
15-6-2020,11:34:58,2.638
15-6-2020,11:34:59,5.84
15-6-2020,11:35:00,2.865
15-6-2020,11:35:01,5.316
15-6-2020,11:35:02,2.884
15-6-2020,11:35:03,2.118
15-6-2020,11:35:04,3.073
15-6-2020,11:35:05,4.817
15-6-2020,11:35:06,2.844
15-6-2020,11:35:07,2.766
15-6-2020,11:35:08,3.101
15-6-2020,11:35:09,2.339
15-6-2020,11:35:10,2.974
15-6-2020,11:35:11,3.02
15-6-2020,11:35:12,2.524
15-6-2020,11:35:13,2.948
15-6-2020,11:35:14,6.074
15-6-2020,11:35:15,3.394
15-6-2020,11:35:16,4.228
15-6-2020,11:35:17,2.618
15-6-2020,11:35:18,4.302
15-6-2020,11:35:19,3.946
15-6-2020,11:35:20,2.928
15-6-2020,11:35:21,2.719
15-6-2020,11:35:22,2.6
15-6-2020,11:35:23,2.784
15-6-2020,11:35:24,2.5
15-6-2020,11:35:25,3.484
15-6-2020,11:35:26,2.578
15-6-2020,11:35:27,3.121
15-6-2020,11:35:28,2.868
15-6-2020,11:35:29,3.387
15-6-2020,11:35:30,4.115
15-6-2020,11:35:31,3.924
15-6-2020,11:35:32,3.798
15-6-2020,11:35:33,2.415
15-6-2020,11:35:34,5.3
15-6-2020,11:35:35,2.341
15-6-2020,11:35:36,2.774
15-6-2020,11:35:37,2.998
15-6-2020,11:35:38,2.789
15-6-2020,11:35:39,2.632
15-6-2020,11:35:40,2.398
15-6-2020,11:35:41,2.377
15-6-2020,11:35:42,2.254
15-6-2020,11:35:43,7.032
15-6-2020,11:35:44,3.047
15-6-2020,11:35:45,2.642
15-6-2020,11:35:46,3.562
15-6-2020,11:35:47,2.472
15-6-2020,11:35:48,2.691
15-6-2020,11:35:49,3.779
15-6-2020,11:35:50,2.652
15-6-2020,11:35:51,2.114
15-6-2020,11:35:52,2.52
15-6-2020,11:35:53,2.805
15-6-2020,11:35:54,3.293
15-6-2020,11:35:56,3.169
15-6-2020,11:35:57,2.693
15-6-2020,11:35:58,3.449
15-6-2020,11:35:59,4.631
15-6-2020,11:36:00,3.339
15-6-2020,11:36:01,2.628
15-6-2020,11:36:02,2.614
15-6-2020,11:36:03,2.766
15-6-2020,11:36:04,2.895
15-6-2020,11:36:05,2.367
15-6-2020,11:36:06,3.602
15-6-2020,11:36:07,2.787
15-6-2020,11:36:08,4.134
15-6-2020,11:36:09,2.49
15-6-2020,11:36:10,2.755
15-6-2020,11:36:11,2.769
15-6-2020,11:36:12,2.475
15-6-2020,11:36:13,2.434
15-6-2020,11:36:14,2.777
15-6-2020,11:36:15,2.611
15-6-2020,11:36:16,3.237
15-6-2020,11:36:17,3.192
15-6-2020,11:36:18,3.558
15-6-2020,11:36:19,4.02
15-6-2020,11:36:20,2.337
15-6-2020,11:36:21,2.862
15-6-2020,11:36:22,3.05
15-6-2020,11:36:23,2.576
15-6-2020,11:36:24,4.037
15-6-2020,11:36:25,2.288
15-6-2020,11:36:26,3.187
15-6-2020,11:36:27,2.104
15-6-2020,11:36:28,4.865
15-6-2020,11:36:29,2.355
15-6-2020,11:36:30,3.278
15-6-2020,11:36:31,2.727
15-6-2020,11:36:32,2.316
15-6-2020,11:36:33,2.406
15-6-2020,11:36:34,2.993
15-6-2020,11:36:35,3.115
15-6-2020,11:36:36,2.985
15-6-2020,11:36:37,3.11
15-6-2020,11:36:38,2.955
15-6-2020,11:36:39,2.672
15-6-2020,11:36:40,2.71
15-6-2020,11:36:41,3.883
15-6-2020,11:36:42,3.462
15-6-2020,11:36:43,2.791
15-6-2020,11:36:44,3.053
15-6-2020,11:36:45,2.319
15-6-2020,11:36:46,2.752
15-6-2020,11:36:47,2.544
15-6-2020,11:36:48,3.846
15-6-2020,11:36:49,3.251
15-6-2020,11:36:50,2.957
15-6-2020,11:36:51,3.281
15-6-2020,11:36:52,6.117
15-6-2020,11:36:53,4.212
15-6-2020,11:36:54,2.608
15-6-2020,11:36:55,2.593
15-6-2020,11:36:56,2.49
15-6-2020,11:36:57,2.401
15-6-2020,11:36:58,2.605
15-6-2020,11:36:59,2.535
15-6-2020,11:37:00,2.736
15-6-2020,11:37:01,2.945
15-6-2020,11:37:02,2.852
15-6-2020,11:37:03,3.104
15-6-2020,11:37:04,3.871
15-6-2020,11:37:05,4.96
15-6-2020,11:37:06,2.976
15-6-2020,11:37:07,2.636
15-6-2020,11:37:08,2.868
15-6-2020,11:37:09,2.739
15-6-2020,11:37:10,4.178
15-6-2020,11:37:11,2.308
15-6-2020,11:37:12,2.703
15-6-2020,11:37:13,5.472
15-6-2020,11:37:14,2.788
15-6-2020,11:37:15,2.93
15-6-2020,11:37:16,2.544
15-6-2020,11:37:17,3.477
15-6-2020,11:37:18,4.437
15-6-2020,11:37:19,2.689
15-6-2020,11:37:20,2.998
15-6-2020,11:37:21,4.125
15-6-2020,11:37:22,3.178
15-6-2020,11:37:23,3.998
15-6-2020,11:37:24,2.515
15-6-2020,11:37:25,2.965
15-6-2020,11:37:26,3.681
15-6-2020,11:37:27,4.359
15-6-2020,11:37:28,2.727
15-6-2020,11:37:29,5.588
15-6-2020,11:37:30,4.132
15-6-2020,11:37:31,2.359
15-6-2020,11:37:32,3.243
15-6-2020,11:37:33,2.769
15-6-2020,11:37:34,2.882
15-6-2020,11:37:35,3.989
15-6-2020,11:37:36,3.292
15-6-2020,11:37:37,2.62
15-6-2020,11:37:38,2.948
15-6-2020,11:37:39,3.454
15-6-2020,11:37:40,2.582
15-6-2020,11:37:41,2.611
15-6-2020,11:37:42,2.146
15-6-2020,11:37:43,4.235
15-6-2020,11:37:44,2.855
15-6-2020,11:37:45,3.491
15-6-2020,11:37:46,3.01
15-6-2020,11:37:47,3.165
15-6-2020,11:37:48,9.53
15-6-2020,11:37:49,3.087
15-6-2020,11:37:50,2.35
15-6-2020,11:37:51,3.999
15-6-2020,11:37:52,3.183
15-6-2020,11:37:53,2.902
15-6-2020,11:37:54,3.195
15-6-2020,11:37:55,3.938
15-6-2020,11:37:56,3.434
15-6-2020,11:37:57,2.625
15-6-2020,11:37:58,2.755
15-6-2020,11:37:59,2.546
15-6-2020,11:38:00,4.787
15-6-2020,11:38:01,3.029
15-6-2020,11:38:02,2.461
15-6-2020,11:38:03,2.994
15-6-2020,11:38:04,4.752
15-6-2020,11:38:05,5.809
15-6-2020,11:38:06,2.686
15-6-2020,11:38:07,2.666
15-6-2020,11:38:08,2.73
15-6-2020,11:38:09,2.874
15-6-2020,11:38:10,3.056
15-6-2020,11:38:11,2.983
15-6-2020,11:38:12,2.627
15-6-2020,11:38:13,3.655
15-6-2020,11:38:14,2.762
15-6-2020,11:38:15,3.63
15-6-2020,11:38:16,2.733
15-6-2020,11:38:17,5.138
15-6-2020,11:38:18,3.103
15-6-2020,11:38:19,2.753
15-6-2020,11:38:20,3.106
15-6-2020,11:38:21,3.158
15-6-2020,11:38:22,4.581
15-6-2020,11:38:23,2.352
15-6-2020,11:38:24,2.702
15-6-2020,11:38:25,2.338
15-6-2020,11:38:26,3.141
15-6-2020,11:38:27,2.63
15-6-2020,11:38:28,2.464
15-6-2020,11:38:29,3.084
15-6-2020,11:38:30,6.254
15-6-2020,11:38:31,3.885
15-6-2020,11:38:32,2.874
15-6-2020,11:38:33,3.008
15-6-2020,11:38:34,2.324
15-6-2020,11:38:35,3.601
15-6-2020,11:38:37,2.908
15-6-2020,11:38:38,2.551
15-6-2020,11:38:39,2.441
15-6-2020,11:38:40,3.825
15-6-2020,11:38:41,2.645
15-6-2020,11:38:42,2.958
15-6-2020,11:38:43,2.971
15-6-2020,11:38:44,3.526
15-6-2020,11:38:45,2.836
15-6-2020,11:38:46,4.521
15-6-2020,11:38:47,2.951
15-6-2020,11:38:48,2.948
15-6-2020,11:38:49,2.921
15-6-2020,11:38:50,3.723
15-6-2020,11:38:51,2.803
15-6-2020,11:38:52,2.954
15-6-2020,11:38:53,4.968
15-6-2020,11:38:54,2.535
15-6-2020,11:38:55,2.727
15-6-2020,11:38:56,2.619
15-6-2020,11:38:57,3.288
15-6-2020,11:38:58,2.546
15-6-2020,11:38:59,2.58
15-6-2020,11:39:00,2.614
15-6-2020,11:39:01,2.452
15-6-2020,11:39:02,2.444
15-6-2020,11:39:03,2.68
15-6-2020,11:39:04,3.272
15-6-2020,11:39:05,2.805
15-6-2020,11:39:06,3.302
15-6-2020,11:39:07,2.479
15-6-2020,11:39:08,2.818
15-6-2020,11:39:09,3.057
15-6-2020,11:39:10,6.54
15-6-2020,11:39:11,3.277
15-6-2020,11:39:12,3.578
15-6-2020,11:39:13,3.023
15-6-2020,11:39:14,2.295
15-6-2020,11:39:15,2.102
15-6-2020,11:39:16,3.075
15-6-2020,11:39:17,3.396
15-6-2020,11:39:18,2.305
15-6-2020,11:39:19,2.94
15-6-2020,11:39:20,3.026
15-6-2020,11:39:21,2.838
15-6-2020,11:39:22,2.661
15-6-2020,11:39:23,2.704
15-6-2020,11:39:24,2.606
15-6-2020,11:39:25,2.899
15-6-2020,11:39:26,2.478
15-6-2020,11:39:27,2.673
15-6-2020,11:39:28,3.086
15-6-2020,11:39:29,2.99
15-6-2020,11:39:30,2.362
15-6-2020,11:39:31,7.124
15-6-2020,11:39:32,2.963
15-6-2020,11:39:33,2.401
15-6-2020,11:39:34,2.239
15-6-2020,11:39:35,3.435
15-6-2020,11:39:36,2.988
15-6-2020,11:39:37,3.144
15-6-2020,11:39:38,2.825
15-6-2020,11:39:39,3.122
15-6-2020,11:39:40,2.759
15-6-2020,11:39:41,2.773
15-6-2020,11:39:42,2.751
15-6-2020,11:39:43,3.647
15-6-2020,11:39:44,3.195
15-6-2020,11:39:45,3.413
15-6-2020,11:39:46,2.998
15-6-2020,11:39:47,2.566
15-6-2020,11:39:48,2.849
15-6-2020,11:39:49,2.773
15-6-2020,11:39:50,2.915
15-6-2020,11:39:51,2.326
15-6-2020,11:39:52,4.74
15-6-2020,11:39:53,2.522
15-6-2020,11:39:54,2.662
15-6-2020,11:39:55,4.313
15-6-2020,11:39:56,2.914
15-6-2020,11:39:57,3.358
15-6-2020,11:39:58,3.53
15-6-2020,11:39:59,2.834
15-6-2020,11:40:00,2.831
15-6-2020,11:40:01,3.672
15-6-2020,11:40:02,3.191
15-6-2020,11:40:03,3.015
15-6-2020,11:40:04,3.33
15-6-2020,11:40:05,3.007
15-6-2020,11:40:06,3.48
15-6-2020,11:40:07,2.951
15-6-2020,11:40:08,2.657
15-6-2020,11:40:09,2.483
15-6-2020,11:40:10,2.958
15-6-2020,11:40:11,2.595
15-6-2020,11:40:12,2.659
15-6-2020,11:40:13,2.699
15-6-2020,11:40:14,3.186
15-6-2020,11:40:15,4.926
15-6-2020,11:40:16,4.782
15-6-2020,11:40:17,2.787
15-6-2020,11:40:18,3.151
15-6-2020,11:40:19,3.505
15-6-2020,11:40:20,2.754
15-6-2020,11:40:21,4.233
15-6-2020,11:40:22,2.678
15-6-2020,11:40:23,2.488
15-6-2020,11:40:24,3.424
15-6-2020,11:40:25,7.392
15-6-2020,11:40:26,2.957
15-6-2020,11:40:27,4.456
15-6-2020,11:40:28,3.04
15-6-2020,11:40:29,3.14
15-6-2020,11:40:30,2.723
15-6-2020,11:40:31,2.924
15-6-2020,11:40:32,3.372
15-6-2020,11:40:33,2.769
15-6-2020,11:40:34,2.614
15-6-2020,11:40:35,3.13
15-6-2020,11:40:36,3.18
15-6-2020,11:40:37,5.571
15-6-2020,11:40:38,3.018
15-6-2020,11:40:39,2.798
15-6-2020,11:40:40,4.289
15-6-2020,11:40:41,3.849
15-6-2020,11:40:42,4.605
15-6-2020,11:40:43,4.304
15-6-2020,11:40:44,4.858
15-6-2020,11:40:45,2.397
15-6-2020,11:40:46,3.266
15-6-2020,11:40:47,3.925
15-6-2020,11:40:48,2.82
15-6-2020,11:40:49,2.925
15-6-2020,11:40:50,2.737
15-6-2020,11:40:51,3.609
15-6-2020,11:40:52,3.455
15-6-2020,11:40:53,3.079
15-6-2020,11:40:54,4.557
15-6-2020,11:40:55,3.069
15-6-2020,11:40:56,3.318
15-6-2020,11:40:57,2.991
15-6-2020,11:40:58,2.761
15-6-2020,11:40:59,8.214
15-6-2020,11:41:00,2.51
15-6-2020,11:41:01,2.373
15-6-2020,11:41:02,2.387
15-6-2020,11:41:03,2.5
15-6-2020,11:41:04,2.439
15-6-2020,11:41:05,2.84
15-6-2020,11:41:06,2.846
15-6-2020,11:41:07,2.763
15-6-2020,11:41:08,2.95
15-6-2020,11:41:09,2.465
15-6-2020,11:41:10,6.078
15-6-2020,11:41:11,2.224
15-6-2020,11:41:12,2.53
15-6-2020,11:41:13,9.117
15-6-2020,11:41:14,3.375
15-6-2020,11:41:15,3.226
15-6-2020,11:41:17,8.447
15-6-2020,11:41:18,2.552
15-6-2020,11:41:19,2.452
15-6-2020,11:41:20,2.716
15-6-2020,11:41:21,3.84
15-6-2020,11:41:22,2.805
15-6-2020,11:41:23,2.438
15-6-2020,11:41:24,3.689
15-6-2020,11:41:25,2.568
15-6-2020,11:41:26,2.309
15-6-2020,11:41:27,2.721
15-6-2020,11:41:28,2.973
15-6-2020,11:41:29,2.382
15-6-2020,11:41:30,2.298
15-6-2020,11:41:31,2.316
15-6-2020,11:41:32,3.846
15-6-2020,11:41:33,2.327
15-6-2020,11:41:34,2.999
15-6-2020,11:41:35,2.517
15-6-2020,11:41:36,2.404
15-6-2020,11:41:37,2.294
15-6-2020,11:41:38,3.149
15-6-2020,11:41:39,2.95
15-6-2020,11:41:40,4.316
15-6-2020,11:41:41,2.459
15-6-2020,11:41:42,2.898
15-6-2020,11:41:43,2.925
15-6-2020,11:41:44,2.774
15-6-2020,11:41:45,2.474
15-6-2020,11:41:46,5.226
15-6-2020,11:41:47,2.673
15-6-2020,11:41:48,2.863
15-6-2020,11:41:49,2.883
15-6-2020,11:41:50,3.124
15-6-2020,11:41:51,5.511
15-6-2020,11:41:52,3.604
15-6-2020,11:41:53,3.094
15-6-2020,11:41:54,4.554
15-6-2020,11:41:55,2.634
15-6-2020,11:41:56,4.287
15-6-2020,11:41:57,2.474
15-6-2020,11:41:58,2.546
15-6-2020,11:41:59,3.078
15-6-2020,11:42:00,2.91
15-6-2020,11:42:01,3.418
15-6-2020,11:42:02,3.333
15-6-2020,11:42:03,2.768
15-6-2020,11:42:04,3.233
15-6-2020,11:42:05,2.689
15-6-2020,11:42:06,2.785
15-6-2020,11:42:07,2.837
15-6-2020,11:42:08,3.26
15-6-2020,11:42:09,2.651
15-6-2020,11:42:10,2.186
15-6-2020,11:42:11,2.98
15-6-2020,11:42:12,5.927
15-6-2020,11:42:13,2.336
15-6-2020,11:42:14,2.672
15-6-2020,11:42:15,2.726
15-6-2020,11:42:16,3.644
15-6-2020,11:42:17,2.247
15-6-2020,11:42:18,3.282
15-6-2020,11:42:19,3.718
15-6-2020,11:42:20,4.784
15-6-2020,11:42:21,2.342
15-6-2020,11:42:22,2.83
15-6-2020,11:42:23,2.36
15-6-2020,11:42:24,2.877
15-6-2020,11:42:25,2.346
15-6-2020,11:42:26,2.741
15-6-2020,11:42:27,2.61
15-6-2020,11:42:28,3.285
15-6-2020,11:42:29,2.309
15-6-2020,11:42:30,2.674
15-6-2020,11:42:31,2.546
15-6-2020,11:42:32,5.409
15-6-2020,11:42:33,2.409
15-6-2020,11:42:34,5.032
15-6-2020,11:42:35,2.251
15-6-2020,11:42:36,2.736
15-6-2020,11:42:37,3.248
15-6-2020,11:42:38,3.37
15-6-2020,11:42:39,2.532
15-6-2020,11:42:40,2.883
15-6-2020,11:42:41,2.798
15-6-2020,11:42:42,3.153
15-6-2020,11:42:43,3.232
15-6-2020,11:42:44,2.81
15-6-2020,11:42:45,2.694
15-6-2020,11:42:46,2.592
15-6-2020,11:42:47,2.423
15-6-2020,11:42:48,2.866
15-6-2020,11:42:49,3.34
15-6-2020,11:42:50,2.265
15-6-2020,11:42:51,3.171
15-6-2020,11:42:52,3.603
15-6-2020,11:42:53,3.407
15-6-2020,11:42:54,2.533
15-6-2020,11:42:55,2.813
15-6-2020,11:42:56,6.772
15-6-2020,11:42:57,2.592
15-6-2020,11:42:58,2.496
15-6-2020,11:42:59,4.183
15-6-2020,11:43:00,2.964
15-6-2020,11:43:01,2.834
15-6-2020,11:43:02,3.035
15-6-2020,11:43:03,3.229
15-6-2020,11:43:04,3.105
15-6-2020,11:43:05,2.62
15-6-2020,11:43:06,2.907
15-6-2020,11:43:07,8.147
15-6-2020,11:43:08,3.672
15-6-2020,11:43:09,4.716
15-6-2020,11:43:10,2.43
15-6-2020,11:43:11,3.145
15-6-2020,11:43:12,3.725
15-6-2020,11:43:13,3.743
15-6-2020,11:43:14,2.855
15-6-2020,11:43:15,3.498
15-6-2020,11:43:16,2.672
15-6-2020,11:43:17,2.73
15-6-2020,11:43:18,2.738
15-6-2020,11:43:19,3.712
15-6-2020,11:43:20,4.463
15-6-2020,11:43:21,3.231
15-6-2020,11:43:22,2.769
15-6-2020,11:43:23,2.858
15-6-2020,11:43:24,3.225
15-6-2020,11:43:25,3.055
15-6-2020,11:43:26,2.791
15-6-2020,11:43:27,2.478
15-6-2020,11:43:28,3.054
15-6-2020,11:43:29,3.192
15-6-2020,11:43:30,3.206
15-6-2020,11:43:31,3.152
15-6-2020,11:43:32,2.782
15-6-2020,11:43:33,2.76
15-6-2020,11:43:34,7.679
15-6-2020,11:43:35,3.145
15-6-2020,11:43:36,2.544
15-6-2020,11:43:37,2.755
15-6-2020,11:43:38,2.822
15-6-2020,11:43:39,2.786
15-6-2020,11:43:40,4.021
15-6-2020,11:43:41,2.958
15-6-2020,11:43:42,3.413
15-6-2020,11:43:43,4.178
15-6-2020,11:43:44,2.787
15-6-2020,11:43:45,3.206
15-6-2020,11:43:46,3.917
15-6-2020,11:43:47,3.3
15-6-2020,11:43:48,3.1
15-6-2020,11:43:49,2.574
15-6-2020,11:43:50,2.776
15-6-2020,11:43:52,5.634
15-6-2020,11:43:53,2.687
15-6-2020,11:43:54,2.379
15-6-2020,11:43:55,4.485
15-6-2020,11:43:56,2.884
15-6-2020,11:43:57,2.878
15-6-2020,11:43:58,2.933
15-6-2020,11:43:59,2.565
15-6-2020,11:44:00,4.543
15-6-2020,11:44:01,3.682
15-6-2020,11:44:02,3.288
15-6-2020,11:44:03,3.148
15-6-2020,11:44:04,2.896
15-6-2020,11:44:05,3.395
15-6-2020,11:44:06,3.972
15-6-2020,11:44:07,2.914
15-6-2020,11:44:08,2.863
15-6-2020,11:44:09,2.648
15-6-2020,11:44:10,2.639
15-6-2020,11:44:11,2.673
15-6-2020,11:44:12,2.781
15-6-2020,11:44:13,2.372
15-6-2020,11:44:14,2.66
15-6-2020,11:44:15,5.451
15-6-2020,11:44:16,2.493
15-6-2020,11:44:17,2.585
15-6-2020,11:44:18,3.505
15-6-2020,11:44:19,3.357
15-6-2020,11:44:20,4.264
15-6-2020,11:44:21,3.234
15-6-2020,11:44:22,4.395
15-6-2020,11:44:23,2.451
15-6-2020,11:44:24,3.541
15-6-2020,11:44:25,3.578
15-6-2020,11:44:26,2.752
15-6-2020,11:44:27,2.932
15-6-2020,11:44:28,3.181
15-6-2020,11:44:29,3.145
15-6-2020,11:44:30,2.634
15-6-2020,11:44:31,3.313
15-6-2020,11:44:32,2.638
15-6-2020,11:44:33,3.798
15-6-2020,11:44:34,2.44
15-6-2020,11:44:35,3.558
15-6-2020,11:44:36,5.513
15-6-2020,11:44:37,2.699
15-6-2020,11:44:38,2.213
15-6-2020,11:44:39,4.226
15-6-2020,11:44:40,2.97
15-6-2020,11:44:41,3.093
15-6-2020,11:44:42,2.469
15-6-2020,11:44:43,2.99
15-6-2020,11:44:44,2.667
15-6-2020,11:44:45,5.092
15-6-2020,11:44:46,2.916
15-6-2020,11:44:47,2.644
15-6-2020,11:44:48,2.903
15-6-2020,11:44:49,3.033
15-6-2020,11:44:50,3.664
15-6-2020,11:44:51,2.655
15-6-2020,11:44:52,3.094
15-6-2020,11:44:53,2.208
15-6-2020,11:44:54,3.197
15-6-2020,11:44:55,3.109
15-6-2020,11:44:56,2.636
15-6-2020,11:44:57,2.627
15-6-2020,11:44:58,2.368
15-6-2020,11:44:59,2.516
15-6-2020,11:45:00,2.554
15-6-2020,11:45:01,3.126
15-6-2020,11:45:02,2.194
15-6-2020,11:45:03,2.486
15-6-2020,11:45:04,3.192
15-6-2020,11:45:05,3.194
15-6-2020,11:45:06,2.761
15-6-2020,11:45:07,3.625
15-6-2020,11:45:08,2.62
15-6-2020,11:45:09,3.42
15-6-2020,11:45:10,2.734
15-6-2020,11:45:11,3.059
15-6-2020,11:45:12,3.337
15-6-2020,11:45:13,3.204
15-6-2020,11:45:14,2.919
15-6-2020,11:45:15,2.328
15-6-2020,11:45:16,3.974
15-6-2020,11:45:17,2.481
15-6-2020,11:45:18,2.196
15-6-2020,11:45:19,2.639
15-6-2020,11:45:20,2.503
15-6-2020,11:45:21,2.839
15-6-2020,11:45:22,3.272
15-6-2020,11:45:23,1.981
15-6-2020,11:45:24,3.228
15-6-2020,11:45:25,3.013
15-6-2020,11:45:26,2.918
15-6-2020,11:45:27,3.577
15-6-2020,11:45:28,2.925
15-6-2020,11:45:29,2.287
15-6-2020,11:45:30,2.192
15-6-2020,11:45:31,3.405
15-6-2020,11:45:32,3.189
15-6-2020,11:45:33,3.918
15-6-2020,11:45:34,5.51
15-6-2020,11:45:35,2.656
15-6-2020,11:45:36,3.875
15-6-2020,11:45:37,3.386
15-6-2020,11:45:38,2.839
15-6-2020,11:45:39,5.522
15-6-2020,11:45:40,2.659
15-6-2020,11:45:41,2.73
15-6-2020,11:45:42,2.71
15-6-2020,11:45:43,5.132
15-6-2020,11:45:44,2.928
15-6-2020,11:45:45,3.461
15-6-2020,11:45:46,3.486
15-6-2020,11:45:47,6.966
15-6-2020,11:45:48,3.16
15-6-2020,11:45:49,2.37
15-6-2020,11:45:50,3.888
15-6-2020,11:45:51,2.977
15-6-2020,11:45:52,3.181
15-6-2020,11:45:53,2.676
15-6-2020,11:45:54,4.016
15-6-2020,11:45:55,3.604
15-6-2020,11:45:56,2.887
15-6-2020,11:45:57,3.489
15-6-2020,11:45:58,2.59
15-6-2020,11:45:59,2.881
15-6-2020,11:46:00,2.365
15-6-2020,11:46:01,3.577
15-6-2020,11:46:02,3.539
15-6-2020,11:46:03,2.866
15-6-2020,11:46:04,2.583
15-6-2020,11:46:05,3.219
15-6-2020,11:46:06,2.24
15-6-2020,11:46:07,3.045
15-6-2020,11:46:08,3.009
15-6-2020,11:46:09,3.529
15-6-2020,11:46:10,2.545
15-6-2020,11:46:11,2.636
15-6-2020,11:46:12,2.413
15-6-2020,11:46:13,2.834
15-6-2020,11:46:14,2.89
15-6-2020,11:46:15,4.775
15-6-2020,11:46:16,2.658
15-6-2020,11:46:17,3.115
15-6-2020,11:46:18,2.649
15-6-2020,11:46:19,2.71
15-6-2020,11:46:20,2.649
15-6-2020,11:46:21,5.338
15-6-2020,11:46:22,3.082
15-6-2020,11:46:23,6.553
15-6-2020,11:46:24,3.502
15-6-2020,11:46:25,3.448
15-6-2020,11:46:26,4.379
15-6-2020,11:46:27,2.82
15-6-2020,11:46:28,4.81
15-6-2020,11:46:29,3.479
15-6-2020,11:46:30,3.105
15-6-2020,11:46:31,3.545
15-6-2020,11:46:32,2.524
15-6-2020,11:46:33,7.373
15-6-2020,11:46:34,2.589
15-6-2020,11:46:35,2.594
15-6-2020,11:46:36,3.314
15-6-2020,11:46:37,2.433
15-6-2020,11:46:38,3.25
15-6-2020,11:46:39,3.32
15-6-2020,11:46:40,3.104
15-6-2020,11:46:41,2.529
15-6-2020,11:46:42,2.83
15-6-2020,11:46:43,3.641
15-6-2020,11:46:44,5.116
15-6-2020,11:46:45,2.731
15-6-2020,11:46:46,3.243
15-6-2020,11:46:47,3.376
15-6-2020,11:46:48,2.828
15-6-2020,11:46:49,3.11
15-6-2020,11:46:50,2.595
15-6-2020,11:46:51,3.524
15-6-2020,11:46:52,2.499
15-6-2020,11:46:53,4.596
15-6-2020,11:46:54,2.88
15-6-2020,11:46:55,2.811
15-6-2020,11:46:56,3.174
15-6-2020,11:46:57,5.322
15-6-2020,11:46:58,4.424
15-6-2020,11:46:59,5.047
15-6-2020,11:47:00,3.417
15-6-2020,11:47:01,3.266
15-6-2020,11:47:02,3.131
15-6-2020,11:47:03,3.236
15-6-2020,11:47:04,2.827
15-6-2020,11:47:05,2.658
15-6-2020,11:47:06,3.017
15-6-2020,11:47:07,2.643
15-6-2020,11:47:08,3.382
15-6-2020,11:47:09,2.931
15-6-2020,11:47:10,3.153
15-6-2020,11:47:11,3.117
15-6-2020,11:47:12,2.671
15-6-2020,11:47:13,3.635
15-6-2020,11:47:14,4.465
15-6-2020,11:47:15,2.817
15-6-2020,11:47:16,2.573
15-6-2020,11:47:17,2.922
15-6-2020,11:47:18,3.676
15-6-2020,11:47:19,3.292
15-6-2020,11:47:20,3.375
15-6-2020,11:47:21,3.53
15-6-2020,11:47:22,3.22
15-6-2020,11:47:23,2.481
15-6-2020,11:47:24,2.873
15-6-2020,11:47:25,2.474
15-6-2020,11:47:26,2.517
15-6-2020,11:47:27,3.099
15-6-2020,11:47:28,2.534
15-6-2020,11:47:29,5.635
15-6-2020,11:47:30,2.688
15-6-2020,11:47:31,2.775
15-6-2020,11:47:32,2.903
15-6-2020,11:47:33,2.891
15-6-2020,11:47:34,3.657
15-6-2020,11:47:35,3.03
15-6-2020,11:47:36,6.307
15-6-2020,11:47:38,3.132
15-6-2020,11:47:39,2.776
15-6-2020,11:47:40,3.465
15-6-2020,11:47:41,2.393
15-6-2020,11:47:42,3.413
15-6-2020,11:47:43,3.819
15-6-2020,11:47:44,3.755
15-6-2020,11:47:45,2.513
15-6-2020,11:47:46,3.24
15-6-2020,11:47:47,3.271
15-6-2020,11:47:48,5.174
15-6-2020,11:47:49,4.745
15-6-2020,11:47:50,2.461
15-6-2020,11:47:51,3.689
15-6-2020,11:47:52,2.409
15-6-2020,11:47:53,2.45
15-6-2020,11:47:54,3.124
15-6-2020,11:47:55,2.4
15-6-2020,11:47:56,3.212
15-6-2020,11:47:57,2.611
15-6-2020,11:47:58,2.506
15-6-2020,11:47:59,2.545
15-6-2020,11:48:00,3.35
15-6-2020,11:48:01,2.673
15-6-2020,11:48:02,3.828
15-6-2020,11:48:03,3.55
15-6-2020,11:48:04,4.521
15-6-2020,11:48:05,2.174
15-6-2020,11:48:06,3.138
15-6-2020,11:48:07,3.855
15-6-2020,11:48:08,3.993
15-6-2020,11:48:09,4.39
15-6-2020,11:48:10,3.437
15-6-2020,11:48:11,3.162
15-6-2020,11:48:12,2.973
15-6-2020,11:48:13,2.277
15-6-2020,11:48:14,2.318
15-6-2020,11:48:15,3.097
15-6-2020,11:48:16,2.481
15-6-2020,11:48:17,2.785
15-6-2020,11:48:18,2.21
15-6-2020,11:48:19,2.745
15-6-2020,11:48:20,2.467
15-6-2020,11:48:21,2.76
15-6-2020,11:48:22,2.719
15-6-2020,11:48:23,2.568
15-6-2020,11:48:24,5.393
15-6-2020,11:48:25,2.645
15-6-2020,11:48:26,2.767
15-6-2020,11:48:27,3.395
15-6-2020,11:48:28,2.879
15-6-2020,11:48:29,2.853
15-6-2020,11:48:30,2.634
15-6-2020,11:48:31,2.262
15-6-2020,11:48:32,2.432
15-6-2020,11:48:33,2.541
15-6-2020,11:48:34,5.833
15-6-2020,11:48:35,3.735
15-6-2020,11:48:36,2.796
15-6-2020,11:48:37,2.926
15-6-2020,11:48:38,3.346
15-6-2020,11:48:39,6.221
15-6-2020,11:48:40,2.708
15-6-2020,11:48:41,2.788
15-6-2020,11:48:42,2.471
15-6-2020,11:48:43,3.507
15-6-2020,11:48:44,5.501
15-6-2020,11:48:45,2.271
15-6-2020,11:48:46,2.346
15-6-2020,11:48:47,3.177
15-6-2020,11:48:48,2.831
15-6-2020,11:48:49,4.165
15-6-2020,11:48:50,2.401
15-6-2020,11:48:51,2.854
15-6-2020,11:48:52,2.57
15-6-2020,11:48:53,2.566
15-6-2020,11:48:54,2.374
15-6-2020,11:48:55,2.715
15-6-2020,11:48:56,3.424
15-6-2020,11:48:57,2.44
15-6-2020,11:48:58,3.051
15-6-2020,11:48:59,2.688
15-6-2020,11:49:00,2.95
15-6-2020,11:49:01,3.17
15-6-2020,11:49:02,3.051
15-6-2020,11:49:03,5.918
15-6-2020,11:49:04,4.109
15-6-2020,11:49:05,2.811
15-6-2020,11:49:06,2.656
15-6-2020,11:49:07,2.972
15-6-2020,11:49:08,2.714
15-6-2020,11:49:09,2.884
15-6-2020,11:49:10,4.149
15-6-2020,11:49:11,3.702
15-6-2020,11:49:12,2.488
15-6-2020,11:49:13,4.429
15-6-2020,11:49:14,2.524
15-6-2020,11:49:15,6.95
15-6-2020,11:49:16,2.594
15-6-2020,11:49:17,4.5
15-6-2020,11:49:18,2.683
15-6-2020,11:49:19,3.458
15-6-2020,11:49:20,2.885
15-6-2020,11:49:21,110.059
15-6-2020,11:49:22,2.608
15-6-2020,11:49:23,5.674
15-6-2020,11:49:24,4.086
15-6-2020,11:49:25,3.081
15-6-2020,11:49:26,2.337
15-6-2020,11:49:27,2.735
15-6-2020,11:49:28,2.181
15-6-2020,11:49:29,2.644
15-6-2020,11:49:30,2.563
15-6-2020,11:49:31,4.149
15-6-2020,11:49:32,2.703
15-6-2020,11:49:33,3.375
15-6-2020,11:49:34,2.671
15-6-2020,11:49:35,5.254
15-6-2020,11:49:36,2.793
15-6-2020,11:49:37,6.077
15-6-2020,11:49:38,2.814
15-6-2020,11:49:39,2.075
15-6-2020,11:49:40,2.81
15-6-2020,11:49:41,2.228
15-6-2020,11:49:42,2.551
15-6-2020,11:49:43,3.502
15-6-2020,11:49:44,2.289
15-6-2020,11:49:45,2.67
15-6-2020,11:49:46,3.103
15-6-2020,11:49:47,3.129
15-6-2020,11:49:48,2.913
15-6-2020,11:49:49,4.485
15-6-2020,11:49:50,2.379
15-6-2020,11:49:51,2.95
15-6-2020,11:49:52,2.771
15-6-2020,11:49:53,2.352
15-6-2020,11:49:54,2.845
15-6-2020,11:49:55,2.676
15-6-2020,11:49:56,2.71
15-6-2020,11:49:57,3.372
15-6-2020,11:49:58,3.121
15-6-2020,11:49:59,2.317
15-6-2020,11:50:00,3.182
15-6-2020,11:50:01,3.392
15-6-2020,11:50:02,2.505
15-6-2020,11:50:03,3.857
15-6-2020,11:50:04,4.825
15-6-2020,11:50:05,4.295
15-6-2020,11:50:06,2.439
15-6-2020,11:50:08,0
15-6-2020,11:50:08,2.999
15-6-2020,11:50:09,3.725
15-6-2020,11:50:10,2.949
15-6-2020,11:50:11,2.574
15-6-2020,11:50:12,3.079
15-6-2020,11:50:13,2.995
15-6-2020,11:50:14,2.18
15-6-2020,11:50:15,2.812
15-6-2020,11:50:16,3.856
15-6-2020,11:50:17,2.576
15-6-2020,11:50:18,3.0
15-6-2020,11:50:19,3.189
15-6-2020,11:50:20,3.263
15-6-2020,11:50:21,2.551
15-6-2020,11:50:22,3.233
15-6-2020,11:50:23,3.108
15-6-2020,11:50:24,2.489
15-6-2020,11:50:25,2.735
15-6-2020,11:50:26,3.101
15-6-2020,11:50:27,2.38
15-6-2020,11:50:28,3.006
15-6-2020,11:50:29,2.543
15-6-2020,11:50:30,3.977
15-6-2020,11:50:31,2.657
15-6-2020,11:50:32,2.747
15-6-2020,11:50:33,2.383
15-6-2020,11:50:34,3.167
15-6-2020,11:50:35,3.625
15-6-2020,11:50:36,5.475
15-6-2020,11:50:37,3.03
15-6-2020,11:50:38,3.151
15-6-2020,11:50:39,2.779
15-6-2020,11:50:40,3.564
15-6-2020,11:50:41,3.071
15-6-2020,11:50:42,3.044
15-6-2020,11:50:43,3.608
15-6-2020,11:50:44,3.057
15-6-2020,11:50:45,3.004
15-6-2020,11:50:46,3.06
15-6-2020,11:50:47,2.554
15-6-2020,11:50:48,2.479
15-6-2020,11:50:49,3.897
15-6-2020,11:50:50,3.711
15-6-2020,11:50:51,5.646
15-6-2020,11:50:52,22.577
15-6-2020,11:50:53,6.177
15-6-2020,11:50:54,4.73
15-6-2020,11:50:55,9.352
15-6-2020,11:50:56,17.665
15-6-2020,11:50:57,13.015
15-6-2020,11:50:58,8.2
15-6-2020,11:50:59,14.089
15-6-2020,11:51:00,7.099
15-6-2020,11:51:01,8.286
15-6-2020,11:51:02,7.055
15-6-2020,11:51:03,7.181
15-6-2020,11:51:04,16.994
15-6-2020,11:51:05,6.574
15-6-2020,11:51:06,3.918
15-6-2020,11:51:07,13.616
15-6-2020,11:51:08,8.708
15-6-2020,11:51:09,10.495
15-6-2020,11:51:10,4.63
15-6-2020,11:51:11,4.197
15-6-2020,11:51:12,6.638
15-6-2020,11:51:13,5.843
15-6-2020,11:51:14,6.647
15-6-2020,11:51:15,7.011
15-6-2020,11:51:16,6.604
15-6-2020,11:51:17,6.553
15-6-2020,11:51:18,11.774
15-6-2020,11:51:19,19.653
15-6-2020,11:51:20,9.711
15-6-2020,11:51:21,4.309
15-6-2020,11:51:22,8.859
15-6-2020,11:51:23,7.909
15-6-2020,11:51:24,12.641
15-6-2020,11:51:25,4.845
15-6-2020,11:51:26,3.311
15-6-2020,11:51:27,3.132
15-6-2020,11:51:28,2.685
15-6-2020,11:51:29,2.554
15-6-2020,11:51:30,3.148
15-6-2020,11:51:31,2.754
15-6-2020,11:51:32,5.98
15-6-2020,11:51:33,3.143
15-6-2020,11:51:34,2.217
15-6-2020,11:51:35,3.459
15-6-2020,11:51:36,2.694
15-6-2020,11:51:37,2.52
15-6-2020,11:51:38,2.611
15-6-2020,11:51:39,2.593
15-6-2020,11:51:40,3.314
15-6-2020,11:51:41,5.942
15-6-2020,11:51:42,4.273
15-6-2020,11:51:43,2.667
15-6-2020,11:51:44,3.081
15-6-2020,11:51:45,2.81
15-6-2020,11:51:46,2.602
15-6-2020,11:51:47,2.924
15-6-2020,11:51:48,2.916
15-6-2020,11:51:49,2.795
15-6-2020,11:51:50,3.057
15-6-2020,11:51:51,2.387
15-6-2020,11:51:52,2.287
15-6-2020,11:51:53,2.535
15-6-2020,11:51:54,2.541
15-6-2020,11:51:55,3.084
15-6-2020,11:51:56,3.271
15-6-2020,11:51:57,4.736
15-6-2020,11:51:58,3.088
15-6-2020,11:51:59,2.279
15-6-2020,11:52:00,2.33
15-6-2020,11:52:01,2.93
15-6-2020,11:52:02,2.487
15-6-2020,11:52:03,3.346
15-6-2020,11:52:04,3.723
15-6-2020,11:52:05,4.117
15-6-2020,11:52:06,7.132
15-6-2020,11:52:07,2.195
15-6-2020,11:52:08,2.634
15-6-2020,11:52:09,2.85
15-6-2020,11:52:10,3.727
15-6-2020,11:52:11,2.605
15-6-2020,11:52:12,2.426
15-6-2020,11:52:13,3.015
15-6-2020,11:52:14,2.401
15-6-2020,11:52:15,2.755
15-6-2020,11:52:16,2.84
15-6-2020,11:52:17,3.141
15-6-2020,11:52:18,2.394
15-6-2020,11:52:19,2.444
15-6-2020,11:52:20,3.606
15-6-2020,11:52:21,2.695
15-6-2020,11:52:22,2.902
15-6-2020,11:52:23,4.241
15-6-2020,11:52:24,2.898
15-6-2020,11:52:25,4.815
15-6-2020,11:52:26,2.351
15-6-2020,11:52:27,4.429
15-6-2020,11:52:28,2.404
15-6-2020,11:52:29,3.149
15-6-2020,11:52:30,2.954
15-6-2020,11:52:31,2.543
15-6-2020,11:52:32,2.447
15-6-2020,11:52:33,3.799
15-6-2020,11:52:34,2.351
15-6-2020,11:52:35,2.569
15-6-2020,11:52:36,2.47
15-6-2020,11:52:37,2.417
15-6-2020,11:52:38,3.319
15-6-2020,11:52:39,2.68
15-6-2020,11:52:40,2.463
15-6-2020,11:52:41,2.166
15-6-2020,11:52:42,2.561
15-6-2020,11:52:43,2.693
15-6-2020,11:52:44,3.297
15-6-2020,11:52:45,2.583
15-6-2020,11:52:46,2.777
15-6-2020,11:52:47,2.443
15-6-2020,11:52:48,3.311
15-6-2020,11:52:49,2.487
15-6-2020,11:52:50,2.814
15-6-2020,11:52:51,3.857
15-6-2020,11:52:52,7.253
15-6-2020,11:52:53,2.378
15-6-2020,11:52:54,2.958
15-6-2020,11:52:55,3.985
15-6-2020,11:52:56,3.241
15-6-2020,11:52:57,3.555
15-6-2020,11:52:58,2.815
15-6-2020,11:52:59,2.629
15-6-2020,11:53:00,2.417
15-6-2020,11:53:01,2.709
15-6-2020,11:53:02,3.082
15-6-2020,11:53:03,2.799
15-6-2020,11:53:04,2.408
15-6-2020,11:53:05,2.864
15-6-2020,11:53:06,2.495
15-6-2020,11:53:07,2.706
15-6-2020,11:53:08,2.587
15-6-2020,11:53:09,3.392
15-6-2020,11:53:10,2.462
15-6-2020,11:53:11,2.856
15-6-2020,11:53:12,2.88
15-6-2020,11:53:13,2.196
15-6-2020,11:53:14,3.348
15-6-2020,11:53:15,2.256
15-6-2020,11:53:16,2.301
15-6-2020,11:53:17,2.921
15-6-2020,11:53:18,3.759
15-6-2020,11:53:19,2.386
15-6-2020,11:53:20,4.935
15-6-2020,11:53:21,2.481
15-6-2020,11:53:22,4.375
15-6-2020,11:53:23,2.586
15-6-2020,11:53:24,3.201
15-6-2020,11:53:25,2.681
15-6-2020,11:53:26,2.47
15-6-2020,11:53:27,3.237
15-6-2020,11:53:28,3.223
15-6-2020,11:53:29,2.575
15-6-2020,11:53:30,3.071
15-6-2020,11:53:31,4.216
15-6-2020,11:53:32,2.879
15-6-2020,11:53:33,4.126
15-6-2020,11:53:34,3.003
15-6-2020,11:53:35,2.884
15-6-2020,11:53:36,2.824
15-6-2020,11:53:37,4.793
15-6-2020,11:53:38,2.595
15-6-2020,11:53:39,2.697
15-6-2020,11:53:40,2.622
15-6-2020,11:53:41,2.575
15-6-2020,11:53:42,2.586
15-6-2020,11:53:43,2.361
15-6-2020,11:53:44,2.627
15-6-2020,11:53:45,2.217
15-6-2020,11:53:46,2.57
15-6-2020,11:53:47,2.106
15-6-2020,11:53:48,2.059
15-6-2020,11:53:50,11.815
15-6-2020,11:53:50,2.705
15-6-2020,11:53:52,2.299
15-6-2020,11:53:53,2.185
15-6-2020,11:53:54,2.584
15-6-2020,11:53:55,2.312
15-6-2020,11:53:56,8.043
15-6-2020,11:53:57,2.176
15-6-2020,11:53:58,2.693
15-6-2020,11:53:59,3.429
15-6-2020,11:54:00,2.539
15-6-2020,11:54:01,2.82
15-6-2020,11:54:02,5.779
15-6-2020,11:54:03,3.104
15-6-2020,11:54:04,3.525
15-6-2020,11:54:05,6.345
15-6-2020,11:54:06,2.487
15-6-2020,11:54:07,3.486
15-6-2020,11:54:08,2.579
15-6-2020,11:54:09,4.895
15-6-2020,11:54:10,2.741
15-6-2020,11:54:11,3.121
15-6-2020,11:54:12,3.108
15-6-2020,11:54:13,2.368
15-6-2020,11:54:14,2.601
15-6-2020,11:54:15,2.871
15-6-2020,11:54:16,3.186
15-6-2020,11:54:17,2.727
15-6-2020,11:54:18,3.365
15-6-2020,11:54:19,2.652
15-6-2020,11:54:20,2.201
15-6-2020,11:54:21,2.668
15-6-2020,11:54:22,2.571
15-6-2020,11:54:23,3.915
15-6-2020,11:54:24,4.976
15-6-2020,11:54:25,2.416
15-6-2020,11:54:26,2.405
15-6-2020,11:54:27,3.027
15-6-2020,11:54:28,3.082
15-6-2020,11:54:29,2.612
15-6-2020,11:54:30,8.511
15-6-2020,11:54:31,7.483
15-6-2020,11:54:32,2.721
15-6-2020,11:54:33,2.728
15-6-2020,11:54:34,3.054
15-6-2020,11:54:35,2.336
15-6-2020,11:54:36,2.801
15-6-2020,11:54:37,3.379
15-6-2020,11:54:38,3.277
15-6-2020,11:54:39,2.696
15-6-2020,11:54:40,2.445
15-6-2020,11:54:41,2.939
15-6-2020,11:54:42,2.702
15-6-2020,11:54:43,2.727
15-6-2020,11:54:44,2.461
15-6-2020,11:54:45,2.949
15-6-2020,11:54:46,3.135
15-6-2020,11:54:47,3.21
15-6-2020,11:54:48,3.645
15-6-2020,11:54:49,3.232
15-6-2020,11:54:50,2.961
15-6-2020,11:54:51,2.345
15-6-2020,11:54:52,2.717
15-6-2020,11:54:53,2.454
15-6-2020,11:54:54,2.65
15-6-2020,11:54:55,2.614
15-6-2020,11:54:56,2.397
15-6-2020,11:54:57,2.177
15-6-2020,11:54:58,3.324
15-6-2020,11:54:59,2.42
15-6-2020,11:55:00,2.962
15-6-2020,11:55:01,2.694
15-6-2020,11:55:02,2.774
15-6-2020,11:55:03,2.526
15-6-2020,11:55:04,2.933
15-6-2020,11:55:05,2.557
15-6-2020,11:55:06,5.258
15-6-2020,11:55:07,2.908
15-6-2020,11:55:08,2.739
15-6-2020,11:55:09,2.702
15-6-2020,11:55:10,2.58
15-6-2020,11:55:11,3.099
15-6-2020,11:55:12,2.589
15-6-2020,11:55:13,2.539
15-6-2020,11:55:14,2.813
15-6-2020,11:55:15,3.495
15-6-2020,11:55:16,3.464
15-6-2020,11:55:17,2.707
15-6-2020,11:55:18,2.839
15-6-2020,11:55:19,4.32
15-6-2020,11:55:20,3.098
15-6-2020,11:55:21,2.555
15-6-2020,11:55:22,2.481
15-6-2020,11:55:23,3.123
15-6-2020,11:55:24,2.749
15-6-2020,11:55:25,2.902
15-6-2020,11:55:26,2.386
15-6-2020,11:55:27,2.623
15-6-2020,11:55:28,2.799
15-6-2020,11:55:29,3.821
15-6-2020,11:55:30,2.413
15-6-2020,11:55:31,2.637
15-6-2020,11:55:32,3.424
15-6-2020,11:55:33,2.106
15-6-2020,11:55:34,4.315
15-6-2020,11:55:35,2.808
15-6-2020,11:55:36,4.061
15-6-2020,11:55:37,2.491
15-6-2020,11:55:38,3.336
15-6-2020,11:55:39,2.942
15-6-2020,11:55:40,2.803
15-6-2020,11:55:41,2.528
15-6-2020,11:55:42,3.0
15-6-2020,11:55:43,2.912
15-6-2020,11:55:44,4.396
15-6-2020,11:55:45,2.544
15-6-2020,11:55:46,2.937
15-6-2020,11:55:47,2.869
15-6-2020,11:55:48,2.9
15-6-2020,11:55:49,3.306
15-6-2020,11:55:50,3.289
15-6-2020,11:55:51,2.592
15-6-2020,11:55:52,3.045
15-6-2020,11:55:53,2.335
15-6-2020,11:55:54,2.517
15-6-2020,11:55:55,3.219
15-6-2020,11:55:56,3.058
15-6-2020,11:55:57,3.44
15-6-2020,11:55:58,3.244
15-6-2020,11:55:59,2.899
15-6-2020,11:56:00,2.562
15-6-2020,11:56:01,2.662
15-6-2020,11:56:02,3.228
15-6-2020,11:56:03,5.758
15-6-2020,11:56:04,3.486
15-6-2020,11:56:05,3.49
15-6-2020,11:56:06,2.673
15-6-2020,11:56:07,4.855
15-6-2020,11:56:08,3.61
15-6-2020,11:56:09,4.226
15-6-2020,11:56:10,2.836
15-6-2020,11:56:11,2.451
15-6-2020,11:56:12,5.091
15-6-2020,11:56:13,2.789
15-6-2020,11:56:14,3.046
15-6-2020,11:56:15,3.868
15-6-2020,11:56:16,2.636
15-6-2020,11:56:17,2.952
15-6-2020,11:56:18,3.226
15-6-2020,11:56:19,2.716
15-6-2020,11:56:20,2.336
15-6-2020,11:56:21,3.121
15-6-2020,11:56:22,2.669
15-6-2020,11:56:23,2.815
15-6-2020,11:56:24,3.003
15-6-2020,11:56:25,3.453
15-6-2020,11:56:26,3.798
15-6-2020,11:56:27,2.588
15-6-2020,11:56:28,3.44
15-6-2020,11:56:29,5.829
15-6-2020,11:56:30,2.558
15-6-2020,11:56:31,3.099
15-6-2020,11:56:32,3.743
15-6-2020,11:56:33,3.799
15-6-2020,11:56:34,2.613
15-6-2020,11:56:35,2.601
15-6-2020,11:56:36,2.33
15-6-2020,11:56:37,3.642
15-6-2020,11:56:38,3.27
15-6-2020,11:56:39,3.713
15-6-2020,11:56:40,4.321
15-6-2020,11:56:41,3.684
15-6-2020,11:56:42,2.91
15-6-2020,11:56:43,3.099
15-6-2020,11:56:44,2.454
15-6-2020,11:56:45,4.229
15-6-2020,11:56:46,3.361
15-6-2020,11:56:47,3.37
15-6-2020,11:56:48,4.478
15-6-2020,11:56:49,4.295
15-6-2020,11:56:50,3.278
15-6-2020,11:56:51,2.844
15-6-2020,11:56:52,3.117
15-6-2020,11:56:53,4.14
15-6-2020,11:56:54,3.203
15-6-2020,11:56:55,3.728
15-6-2020,11:56:56,3.127
15-6-2020,11:56:57,2.489
15-6-2020,11:56:58,2.62
15-6-2020,11:56:59,3.044
15-6-2020,11:57:00,2.379
15-6-2020,11:57:01,2.701
15-6-2020,11:57:02,4.811
15-6-2020,11:57:03,3.803
15-6-2020,11:57:04,2.684
15-6-2020,11:57:05,3.261
15-6-2020,11:57:06,2.334
15-6-2020,11:57:07,2.794
15-6-2020,11:57:08,3.242
15-6-2020,11:57:09,2.819
15-6-2020,11:57:10,5.721
15-6-2020,11:57:11,3.07
15-6-2020,11:57:12,3.317
15-6-2020,11:57:13,3.793
15-6-2020,11:57:14,2.658
15-6-2020,11:57:15,2.489
15-6-2020,11:57:16,3.134
15-6-2020,11:57:17,2.595
15-6-2020,11:57:18,2.874
15-6-2020,11:57:19,3.923
15-6-2020,11:57:20,5.058
15-6-2020,11:57:21,3.05
15-6-2020,11:57:22,4.318
15-6-2020,11:57:23,2.793
15-6-2020,11:57:24,2.566
15-6-2020,11:57:25,3.308
15-6-2020,11:57:26,3.122
15-6-2020,11:57:27,2.789
15-6-2020,11:57:28,12.088
15-6-2020,11:57:29,3.082
15-6-2020,11:57:30,3.911
15-6-2020,11:57:31,3.093
15-6-2020,11:57:32,2.305
15-6-2020,11:57:33,2.593
15-6-2020,11:57:34,3.203
15-6-2020,11:57:35,2.939
15-6-2020,11:57:36,2.313
15-6-2020,11:57:37,3.052
15-6-2020,11:57:38,4.417
15-6-2020,11:57:39,2.795
15-6-2020,11:57:40,3.065
15-6-2020,11:57:41,3.056
15-6-2020,11:57:42,2.804
15-6-2020,11:57:43,4.728
15-6-2020,11:57:44,2.211
15-6-2020,11:57:45,3.238
15-6-2020,11:57:46,2.648
15-6-2020,11:57:47,3.051
15-6-2020,11:57:48,2.863
15-6-2020,11:57:49,3.531
15-6-2020,11:57:50,2.785
15-6-2020,11:57:51,2.111
15-6-2020,11:57:52,3.086
15-6-2020,11:57:53,3.73
15-6-2020,11:57:54,2.51
15-6-2020,11:57:55,2.758
15-6-2020,11:57:56,2.612
15-6-2020,11:57:57,3.754
15-6-2020,11:57:58,2.918
15-6-2020,11:57:59,2.97
15-6-2020,11:58:00,3.454
15-6-2020,11:58:01,3.221
15-6-2020,11:58:02,3.521
15-6-2020,11:58:03,3.123
15-6-2020,11:58:04,3.36
15-6-2020,11:58:05,5.648
15-6-2020,11:58:06,3.543
15-6-2020,11:58:07,2.722
15-6-2020,11:58:08,2.273
15-6-2020,11:58:09,4.143
15-6-2020,11:58:10,2.458
15-6-2020,11:58:11,3.235
15-6-2020,11:58:12,2.929
15-6-2020,11:58:13,2.899
15-6-2020,11:58:14,2.792
15-6-2020,11:58:15,3.075
15-6-2020,11:58:16,2.546
15-6-2020,11:58:17,2.527
15-6-2020,11:58:18,3.515
15-6-2020,11:58:19,2.617
15-6-2020,11:58:20,2.503
15-6-2020,11:58:21,2.953
15-6-2020,11:58:22,2.876
15-6-2020,11:58:23,2.514
15-6-2020,11:58:24,3.46
15-6-2020,11:58:25,3.838
15-6-2020,11:58:26,3.978
15-6-2020,11:58:27,2.518
15-6-2020,11:58:28,4.056
15-6-2020,11:58:29,2.616
15-6-2020,11:58:30,2.575
15-6-2020,11:58:31,3.184
15-6-2020,11:58:32,2.932
15-6-2020,11:58:33,4.759
15-6-2020,11:58:34,2.545
15-6-2020,11:58:35,2.788
15-6-2020,11:58:36,2.868
15-6-2020,11:58:37,2.388
15-6-2020,11:58:38,3.017
15-6-2020,11:58:39,3.224
15-6-2020,11:58:40,2.819
15-6-2020,11:58:41,3.553
15-6-2020,11:58:42,2.75
15-6-2020,11:58:43,3.778
15-6-2020,11:58:44,2.905
15-6-2020,11:58:45,3.049
15-6-2020,11:58:46,4.566
15-6-2020,11:58:47,2.901
15-6-2020,11:58:48,2.788
15-6-2020,11:58:49,2.543
15-6-2020,11:58:50,3.524
15-6-2020,11:58:51,1.919
15-6-2020,11:58:52,3.558
15-6-2020,11:58:53,2.702
15-6-2020,11:58:54,3.122
15-6-2020,11:58:55,2.256
15-6-2020,11:58:56,3.297
15-6-2020,11:58:57,4.27
15-6-2020,11:58:58,2.529
15-6-2020,11:58:59,2.422
15-6-2020,11:59:00,4.814
15-6-2020,11:59:01,3.001
15-6-2020,11:59:02,2.744
15-6-2020,11:59:03,2.696
15-6-2020,11:59:04,2.782
15-6-2020,11:59:05,3.285
15-6-2020,11:59:06,2.785
15-6-2020,11:59:07,2.691
15-6-2020,11:59:08,2.573
15-6-2020,11:59:09,2.577
15-6-2020,11:59:10,2.378
15-6-2020,11:59:11,2.446
15-6-2020,11:59:12,2.965
15-6-2020,11:59:13,2.96
15-6-2020,11:59:14,2.237
15-6-2020,11:59:15,2.155
15-6-2020,11:59:16,3.036
15-6-2020,11:59:17,4.672
15-6-2020,11:59:18,2.837
15-6-2020,11:59:19,2.921
15-6-2020,11:59:20,3.713
15-6-2020,11:59:21,5.075
15-6-2020,11:59:22,2.407
15-6-2020,11:59:23,2.47
15-6-2020,11:59:24,2.888
15-6-2020,11:59:25,3.244
15-6-2020,11:59:26,4.267
15-6-2020,11:59:27,7.009
15-6-2020,11:59:28,3.063
15-6-2020,11:59:29,2.399
15-6-2020,11:59:30,5.564
15-6-2020,11:59:31,2.871
15-6-2020,11:59:32,3.216
15-6-2020,11:59:33,2.296
15-6-2020,11:59:34,3.229
15-6-2020,11:59:35,3.658
15-6-2020,11:59:36,2.624
15-6-2020,11:59:37,2.47
15-6-2020,11:59:38,2.383
15-6-2020,11:59:39,2.891
15-6-2020,11:59:40,2.14
15-6-2020,11:59:41,2.662
15-6-2020,11:59:42,2.767
15-6-2020,11:59:43,3.889
15-6-2020,11:59:44,2.883
15-6-2020,11:59:45,3.504
15-6-2020,11:59:47,2.898
15-6-2020,11:59:48,2.507
15-6-2020,11:59:49,2.923
15-6-2020,11:59:50,2.945
15-6-2020,11:59:51,2.397
15-6-2020,11:59:52,3.576
15-6-2020,11:59:53,2.444
15-6-2020,11:59:54,2.619
15-6-2020,11:59:55,2.699
15-6-2020,11:59:56,2.623
15-6-2020,11:59:57,3.642
15-6-2020,11:59:58,2.889
15-6-2020,11:59:59,2.577
15-6-2020,12:00:00,3.061
15-6-2020,12:00:01,2.618
15-6-2020,12:00:02,2.73
15-6-2020,12:00:03,2.525
15-6-2020,12:00:04,6.098
15-6-2020,12:00:05,2.809
15-6-2020,12:00:06,2.65
15-6-2020,12:00:07,7.318
15-6-2020,12:00:08,3.224
15-6-2020,12:00:09,6.325
15-6-2020,12:00:10,2.506
15-6-2020,12:00:11,2.658
15-6-2020,12:00:12,3.53
15-6-2020,12:00:13,2.442
15-6-2020,12:00:14,2.93
15-6-2020,12:00:15,2.467
15-6-2020,12:00:16,2.61
15-6-2020,12:00:17,5.581
15-6-2020,12:00:18,3.237
15-6-2020,12:00:19,2.686
15-6-2020,12:00:20,2.483
15-6-2020,12:00:21,2.781
15-6-2020,12:00:22,2.509
15-6-2020,12:00:23,3.945
15-6-2020,12:00:24,2.727
15-6-2020,12:00:25,3.165
15-6-2020,12:00:26,2.074
15-6-2020,12:00:27,3.236
15-6-2020,12:00:28,6.014
15-6-2020,12:00:29,2.652
15-6-2020,12:00:30,3.391
15-6-2020,12:00:31,3.296
15-6-2020,12:00:32,3.732
15-6-2020,12:00:33,3.832
15-6-2020,12:00:34,2.665
15-6-2020,12:00:35,5.324
15-6-2020,12:00:36,3.295
15-6-2020,12:00:37,5.346
15-6-2020,12:00:38,2.813
15-6-2020,12:00:39,2.617
15-6-2020,12:00:40,3.966
15-6-2020,12:00:41,2.734
15-6-2020,12:00:42,3.461
15-6-2020,12:00:43,2.961
15-6-2020,12:00:44,3.65
15-6-2020,12:00:45,2.88
15-6-2020,12:00:46,3.465
15-6-2020,12:00:47,3.135
15-6-2020,12:00:48,4.014
15-6-2020,12:00:49,3.892
15-6-2020,12:00:50,3.561
15-6-2020,12:00:51,4.165
15-6-2020,12:00:52,2.681
15-6-2020,12:00:53,2.212
15-6-2020,12:00:54,2.567
15-6-2020,12:00:55,3.098
15-6-2020,12:00:56,4.935
15-6-2020,12:00:57,2.086
15-6-2020,12:00:58,4.074
15-6-2020,12:00:59,7.289
15-6-2020,12:01:00,3.953
15-6-2020,12:01:01,2.741
15-6-2020,12:01:02,3.292
15-6-2020,12:01:03,2.712
15-6-2020,12:01:04,3.399
15-6-2020,12:01:05,3.687
15-6-2020,12:01:06,2.994
15-6-2020,12:01:07,2.577
15-6-2020,12:01:08,3.508
15-6-2020,12:01:09,2.652
15-6-2020,12:01:10,2.935
15-6-2020,12:01:11,5.372
15-6-2020,12:01:12,3.29
15-6-2020,12:01:13,3.267
15-6-2020,12:01:14,5.711
15-6-2020,12:01:15,3.009
15-6-2020,12:01:16,3.126
15-6-2020,12:01:17,2.763
15-6-2020,12:01:18,2.621
15-6-2020,12:01:19,2.723
15-6-2020,12:01:20,3.175
15-6-2020,12:01:21,2.7
15-6-2020,12:01:22,2.708
15-6-2020,12:01:23,2.674
15-6-2020,12:01:24,3.295
15-6-2020,12:01:25,2.655
15-6-2020,12:01:26,2.74
15-6-2020,12:01:27,2.651
15-6-2020,12:01:28,3.173
15-6-2020,12:01:29,2.956
15-6-2020,12:01:30,4.143
15-6-2020,12:01:31,4.34
15-6-2020,12:01:32,2.573
15-6-2020,12:01:33,2.019
15-6-2020,12:01:34,3.456
15-6-2020,12:01:35,3.26
15-6-2020,12:01:36,3.477
15-6-2020,12:01:37,4.128
15-6-2020,12:01:38,8.347
15-6-2020,12:01:39,3.013
15-6-2020,12:01:40,2.292
15-6-2020,12:01:41,4.634
15-6-2020,12:01:42,2.986
15-6-2020,12:01:43,3.22
15-6-2020,12:01:44,3.387
15-6-2020,12:01:45,4.109
15-6-2020,12:01:46,2.446
15-6-2020,12:01:47,2.887
15-6-2020,12:01:48,2.91
15-6-2020,12:01:49,4.941
15-6-2020,12:01:50,2.886
15-6-2020,12:01:51,2.761
15-6-2020,12:01:52,2.944
15-6-2020,12:01:53,2.977
15-6-2020,12:01:54,2.232
15-6-2020,12:01:55,3.179
15-6-2020,12:01:56,2.521
15-6-2020,12:01:57,2.858
15-6-2020,12:01:58,2.82
15-6-2020,12:01:59,2.621
15-6-2020,12:02:00,2.57
15-6-2020,12:02:01,3.576
15-6-2020,12:02:02,3.166
15-6-2020,12:02:03,2.666
15-6-2020,12:02:04,2.615
15-6-2020,12:02:05,2.943
15-6-2020,12:02:06,2.622
15-6-2020,12:02:07,3.913
15-6-2020,12:02:08,3.223
15-6-2020,12:02:09,3.248
15-6-2020,12:02:10,2.475
15-6-2020,12:02:11,2.595
15-6-2020,12:02:12,2.514
15-6-2020,12:02:13,3.305
15-6-2020,12:02:14,3.557
15-6-2020,12:02:15,2.601
15-6-2020,12:02:16,4.367
15-6-2020,12:02:17,2.984
15-6-2020,12:02:18,2.881
15-6-2020,12:02:19,2.767
15-6-2020,12:02:20,6.911
15-6-2020,12:02:21,2.928
15-6-2020,12:02:22,7.707
15-6-2020,12:02:23,2.543
15-6-2020,12:02:24,3.226
15-6-2020,12:02:25,2.699
15-6-2020,12:02:26,3.983
15-6-2020,12:02:27,2.318
15-6-2020,12:02:28,5.61
15-6-2020,12:02:29,3.379
15-6-2020,12:02:30,2.773
15-6-2020,12:02:31,2.533
15-6-2020,12:02:32,2.804
15-6-2020,12:02:33,2.731
15-6-2020,12:02:34,2.731
15-6-2020,12:02:35,4.902
15-6-2020,12:02:36,2.86
15-6-2020,12:02:37,4.944
15-6-2020,12:02:38,3.371
15-6-2020,12:02:39,2.734
15-6-2020,12:02:40,2.217
15-6-2020,12:02:41,5.594
15-6-2020,12:02:42,3.339
15-6-2020,12:02:43,2.806
15-6-2020,12:02:44,2.986
15-6-2020,12:02:45,2.457
15-6-2020,12:02:46,4.524
15-6-2020,12:02:47,2.979
15-6-2020,12:02:48,3.064
15-6-2020,12:02:49,3.57
15-6-2020,12:02:50,2.663
15-6-2020,12:02:51,2.387
15-6-2020,12:02:52,3.156
15-6-2020,12:02:53,2.884
15-6-2020,12:02:54,3.007
15-6-2020,12:02:55,3.231
15-6-2020,12:02:56,2.914
15-6-2020,12:02:57,2.662
15-6-2020,12:02:58,3.045
15-6-2020,12:02:59,7.088
15-6-2020,12:03:00,2.678
15-6-2020,12:03:01,2.803
15-6-2020,12:03:02,3.472
15-6-2020,12:03:03,5.469
15-6-2020,12:03:04,3.283
15-6-2020,12:03:05,2.467
15-6-2020,12:03:06,2.684
15-6-2020,12:03:07,3.654
15-6-2020,12:03:08,2.768
15-6-2020,12:03:09,5.597
15-6-2020,12:03:10,2.706
15-6-2020,12:03:11,2.378
15-6-2020,12:03:12,4.484
15-6-2020,12:03:13,3.552
15-6-2020,12:03:14,3.843
15-6-2020,12:03:15,3.073
15-6-2020,12:03:16,3.647
15-6-2020,12:03:17,2.989
15-6-2020,12:03:18,2.408
15-6-2020,12:03:19,2.603
15-6-2020,12:03:20,3.065
15-6-2020,12:03:21,3.319
15-6-2020,12:03:22,2.469
15-6-2020,12:03:23,2.277
15-6-2020,12:03:24,3.039
15-6-2020,12:03:25,2.399
15-6-2020,12:03:26,3.106
15-6-2020,12:03:27,2.561
15-6-2020,12:03:28,3.671
15-6-2020,12:03:29,3.475
15-6-2020,12:03:30,2.825
15-6-2020,12:03:31,4.153
15-6-2020,12:03:32,2.791
15-6-2020,12:03:33,2.316
15-6-2020,12:03:34,3.082
15-6-2020,12:03:35,3.556
15-6-2020,12:03:36,7.085
15-6-2020,12:03:37,2.939
15-6-2020,12:03:38,6.157
15-6-2020,12:03:39,3.19
15-6-2020,12:03:40,3.02
15-6-2020,12:03:41,3.705
15-6-2020,12:03:42,2.141
15-6-2020,12:03:43,3.067
15-6-2020,12:03:44,2.979
15-6-2020,12:03:45,3.503
15-6-2020,12:03:46,2.826
15-6-2020,12:03:47,2.844
15-6-2020,12:03:48,2.956
15-6-2020,12:03:49,5.056
15-6-2020,12:03:50,2.348
15-6-2020,12:03:51,2.262
15-6-2020,12:03:52,2.547
15-6-2020,12:03:53,2.354
15-6-2020,12:03:54,2.279
15-6-2020,12:03:55,2.613
15-6-2020,12:03:56,2.146
15-6-2020,12:03:57,3.333
15-6-2020,12:03:58,5.071
15-6-2020,12:03:59,3.211
15-6-2020,12:04:00,2.89
15-6-2020,12:04:01,4.34
15-6-2020,12:04:02,2.895
15-6-2020,12:04:03,3.345
15-6-2020,12:04:04,2.609
15-6-2020,12:04:05,2.485
15-6-2020,12:04:06,2.688
15-6-2020,12:04:07,3.756
15-6-2020,12:04:08,2.767
15-6-2020,12:04:09,2.413
15-6-2020,12:04:10,2.671
15-6-2020,12:04:11,2.945
15-6-2020,12:04:12,2.535
15-6-2020,12:04:13,4.488
15-6-2020,12:04:14,2.482
15-6-2020,12:04:15,3.009
15-6-2020,12:04:16,3.505
15-6-2020,12:04:17,2.429
15-6-2020,12:04:18,3.483
15-6-2020,12:04:19,3.915
15-6-2020,12:04:20,2.842
15-6-2020,12:04:21,3.183
15-6-2020,12:04:22,2.332
15-6-2020,12:04:23,3.074
15-6-2020,12:04:24,2.712
15-6-2020,12:04:25,2.543
15-6-2020,12:04:26,2.482
15-6-2020,12:04:27,3.308
15-6-2020,12:04:28,2.496
15-6-2020,12:04:29,2.67
15-6-2020,12:04:30,2.395
15-6-2020,12:04:31,3.168
15-6-2020,12:04:32,2.609
15-6-2020,12:04:33,3.183
15-6-2020,12:04:34,2.869
15-6-2020,12:04:35,2.403
15-6-2020,12:04:36,6.152
15-6-2020,12:04:37,2.505
15-6-2020,12:04:38,3.827
15-6-2020,12:04:39,2.95
15-6-2020,12:04:40,4.79
15-6-2020,12:04:41,2.911
15-6-2020,12:04:42,2.893
15-6-2020,12:04:43,2.906
15-6-2020,12:04:44,4.124
15-6-2020,12:04:45,2.508
15-6-2020,12:04:46,3.062
15-6-2020,12:04:47,4.196
15-6-2020,12:04:48,5.007
15-6-2020,12:04:49,10.541
15-6-2020,12:04:50,4.057
15-6-2020,12:04:51,2.602
15-6-2020,12:04:52,2.595
15-6-2020,12:04:53,10.464
15-6-2020,12:04:54,2.435
15-6-2020,12:04:55,6.995
15-6-2020,12:04:56,2.777
15-6-2020,12:04:57,2.594
15-6-2020,12:04:58,2.925
15-6-2020,12:04:59,7.659
15-6-2020,12:05:00,2.566
15-6-2020,12:05:01,6.367
15-6-2020,12:05:02,3.481
15-6-2020,12:05:03,3.515
15-6-2020,12:05:04,2.7
15-6-2020,12:05:05,5.341
15-6-2020,12:05:06,2.5
15-6-2020,12:05:07,2.777
15-6-2020,12:05:08,2.574
15-6-2020,12:05:09,3.033
15-6-2020,12:05:10,2.591
15-6-2020,12:05:11,2.14
15-6-2020,12:05:12,2.956
15-6-2020,12:05:13,2.546
15-6-2020,12:05:14,2.82
15-6-2020,12:05:15,2.778
15-6-2020,12:05:16,4.657
15-6-2020,12:05:17,3.439
15-6-2020,12:05:18,3.139
15-6-2020,12:05:19,2.751
15-6-2020,12:05:20,2.603
15-6-2020,12:05:21,2.76
15-6-2020,12:05:22,2.582
15-6-2020,12:05:23,2.889
15-6-2020,12:05:24,6.129
15-6-2020,12:05:25,2.471
15-6-2020,12:05:26,3.022
15-6-2020,12:05:27,2.533
15-6-2020,12:05:28,2.635
15-6-2020,12:05:29,3.025
15-6-2020,12:05:30,2.954
15-6-2020,12:05:31,2.721
15-6-2020,12:05:32,2.619
15-6-2020,12:05:33,3.042
15-6-2020,12:05:34,3.419
15-6-2020,12:05:35,3.934
15-6-2020,12:05:36,2.896
15-6-2020,12:05:37,2.877
15-6-2020,12:05:38,3.692
15-6-2020,12:05:39,2.901
15-6-2020,12:05:40,3.497
15-6-2020,12:05:41,3.797
15-6-2020,12:05:43,2.668
15-6-2020,12:05:43,2.343
15-6-2020,12:05:44,4.228
15-6-2020,12:05:45,3.999
15-6-2020,12:05:47,4.612
15-6-2020,12:05:48,2.766
15-6-2020,12:05:49,2.817
15-6-2020,12:05:50,2.622
15-6-2020,12:05:51,2.66
15-6-2020,12:05:52,2.715
15-6-2020,12:05:53,3.036
15-6-2020,12:05:54,3.098
15-6-2020,12:05:55,4.509
15-6-2020,12:05:56,4.934
15-6-2020,12:05:57,2.504
15-6-2020,12:05:58,2.988
15-6-2020,12:05:59,3.396
15-6-2020,12:06:00,2.401
15-6-2020,12:06:01,2.465
15-6-2020,12:06:02,3.166
15-6-2020,12:06:03,4.964
15-6-2020,12:06:04,6.743
15-6-2020,12:06:05,3.41
15-6-2020,12:06:06,3.21
15-6-2020,12:06:07,3.8
15-6-2020,12:06:08,2.847
15-6-2020,12:06:09,6.801
15-6-2020,12:06:10,3.744
15-6-2020,12:06:11,4.852
15-6-2020,12:06:12,2.237
15-6-2020,12:06:13,3.147
15-6-2020,12:06:14,2.57
15-6-2020,12:06:15,5.985
15-6-2020,12:06:16,3.47
15-6-2020,12:06:17,2.472
15-6-2020,12:06:18,2.284
15-6-2020,12:06:19,3.574
15-6-2020,12:06:20,2.92
15-6-2020,12:06:21,3.332
15-6-2020,12:06:22,3.657
15-6-2020,12:06:23,2.846
15-6-2020,12:06:24,7.661
15-6-2020,12:06:25,2.223
15-6-2020,12:06:26,3.526
15-6-2020,12:06:27,3.173
15-6-2020,12:06:28,3.072
15-6-2020,12:06:29,2.493
15-6-2020,12:06:30,3.265
15-6-2020,12:06:31,3.663
15-6-2020,12:06:32,3.47
15-6-2020,12:06:33,3.84
15-6-2020,12:06:34,3.058
15-6-2020,12:06:35,2.418
15-6-2020,12:06:36,2.357
15-6-2020,12:06:37,2.545
15-6-2020,12:06:38,3.629
15-6-2020,12:06:39,2.76
15-6-2020,12:06:40,3.454
15-6-2020,12:06:41,3.249
15-6-2020,12:06:42,7.029
15-6-2020,12:06:43,11.0
15-6-2020,12:06:44,5.251
15-6-2020,12:06:45,2.505
15-6-2020,12:06:46,8.108
15-6-2020,12:06:47,2.468
15-6-2020,12:06:48,2.724
15-6-2020,12:06:49,4.003
15-6-2020,12:06:50,3.747
15-6-2020,12:06:51,3.306
15-6-2020,12:06:52,2.888
15-6-2020,12:06:53,2.935
15-6-2020,12:06:54,3.053
15-6-2020,12:06:55,3.083
15-6-2020,12:06:56,3.237
15-6-2020,12:06:57,2.909
15-6-2020,12:06:58,4.815
15-6-2020,12:06:59,2.85
15-6-2020,12:07:00,2.533
15-6-2020,12:07:01,2.832
15-6-2020,12:07:02,2.888
15-6-2020,12:07:03,2.569
15-6-2020,12:07:04,2.776
15-6-2020,12:07:05,2.701
15-6-2020,12:07:06,3.763
15-6-2020,12:07:07,2.573
15-6-2020,12:07:08,3.395
15-6-2020,12:07:09,3.327
15-6-2020,12:07:10,5.038
15-6-2020,12:07:11,2.416
15-6-2020,12:07:12,2.848
15-6-2020,12:07:13,3.145
15-6-2020,12:07:14,7.277
15-6-2020,12:07:15,2.732
15-6-2020,12:07:16,3.925
15-6-2020,12:07:17,2.383
15-6-2020,12:07:18,2.517
15-6-2020,12:07:19,2.857
15-6-2020,12:07:20,2.821
15-6-2020,12:07:21,2.913
15-6-2020,12:07:22,2.475
15-6-2020,12:07:23,3.55
15-6-2020,12:07:24,2.819
15-6-2020,12:07:25,2.846
15-6-2020,12:07:26,2.33
15-6-2020,12:07:27,3.283
15-6-2020,12:07:28,4.453
15-6-2020,12:07:29,2.582
15-6-2020,12:07:30,3.998
15-6-2020,12:07:31,2.172
15-6-2020,12:07:32,3.39
15-6-2020,12:07:33,4.862
15-6-2020,12:07:34,2.582
15-6-2020,12:07:35,4.105
15-6-2020,12:07:36,2.752
15-6-2020,12:07:37,2.322
15-6-2020,12:07:38,3.518
15-6-2020,12:07:39,4.69
15-6-2020,12:07:40,2.559
15-6-2020,12:07:41,2.789
15-6-2020,12:07:42,4.366
15-6-2020,12:07:43,3.35
15-6-2020,12:07:44,2.719
15-6-2020,12:07:45,2.427
15-6-2020,12:07:46,3.279
15-6-2020,12:07:47,2.836
15-6-2020,12:07:48,3.134
15-6-2020,12:07:49,2.082
15-6-2020,12:07:50,3.187
15-6-2020,12:07:51,2.977
15-6-2020,12:07:52,4.641
15-6-2020,12:07:53,2.658
15-6-2020,12:07:54,3.084
15-6-2020,12:07:55,2.504
15-6-2020,12:07:56,2.7
15-6-2020,12:07:57,3.004
15-6-2020,12:07:58,3.554
15-6-2020,12:07:59,2.703
15-6-2020,12:08:00,5.869
15-6-2020,12:08:01,5.51
15-6-2020,12:08:02,4.882
15-6-2020,12:08:03,2.424
15-6-2020,12:08:04,3.924
15-6-2020,12:08:05,2.993
15-6-2020,12:08:06,3.617
15-6-2020,12:08:07,2.426
15-6-2020,12:08:08,2.669
15-6-2020,12:08:09,2.76
15-6-2020,12:08:10,2.933
15-6-2020,12:08:11,2.573
15-6-2020,12:08:12,2.868
15-6-2020,12:08:13,2.615
15-6-2020,12:08:14,4.246
15-6-2020,12:08:15,4.803
15-6-2020,12:08:16,2.433
15-6-2020,12:08:17,2.692
15-6-2020,12:08:18,2.995
15-6-2020,12:08:19,7.593
15-6-2020,12:08:20,2.12
15-6-2020,12:08:21,3.424
15-6-2020,12:08:22,3.327
15-6-2020,12:08:23,2.403
15-6-2020,12:08:24,2.681
15-6-2020,12:08:25,4.25
15-6-2020,12:08:26,2.292
15-6-2020,12:08:27,2.196
15-6-2020,12:08:28,5.337
15-6-2020,12:08:29,2.713
15-6-2020,12:08:30,7.934
15-6-2020,12:08:31,2.409
15-6-2020,12:08:32,3.202
15-6-2020,12:08:33,2.448
15-6-2020,12:08:34,2.642
15-6-2020,12:08:35,2.703
15-6-2020,12:08:36,5.358
15-6-2020,12:08:37,2.586
15-6-2020,12:08:38,4.587
15-6-2020,12:08:39,6.337
15-6-2020,12:08:40,3.243
15-6-2020,12:08:41,3.17
15-6-2020,12:08:42,2.962
15-6-2020,12:08:43,2.793
15-6-2020,12:08:44,2.671
15-6-2020,12:08:45,2.641
15-6-2020,12:08:46,3.208
15-6-2020,12:08:47,3.608
15-6-2020,12:08:48,2.715
15-6-2020,12:08:49,3.602
15-6-2020,12:08:50,3.113
15-6-2020,12:08:51,2.912
15-6-2020,12:08:52,3.161
15-6-2020,12:08:53,2.437
15-6-2020,12:08:54,2.771
15-6-2020,12:08:55,2.544
15-6-2020,12:08:56,3.24
15-6-2020,12:08:57,2.941
15-6-2020,12:08:58,2.569
15-6-2020,12:08:59,2.653
15-6-2020,12:09:00,3.498
15-6-2020,12:09:01,2.484
15-6-2020,12:09:02,3.557
15-6-2020,12:09:03,3.551
15-6-2020,12:09:04,2.822
15-6-2020,12:09:05,2.237
15-6-2020,12:09:06,2.35
15-6-2020,12:09:07,3.079
15-6-2020,12:09:08,5.529
15-6-2020,12:09:09,3.657
15-6-2020,12:09:10,4.224
15-6-2020,12:09:11,6.108
15-6-2020,12:09:12,2.627
15-6-2020,12:09:13,2.653
15-6-2020,12:09:14,2.262
15-6-2020,12:09:15,2.453
15-6-2020,12:09:16,2.543
15-6-2020,12:09:17,2.948
15-6-2020,12:09:18,2.574
15-6-2020,12:09:19,4.247
15-6-2020,12:09:20,2.738
15-6-2020,12:09:21,2.519
15-6-2020,12:09:22,2.72
15-6-2020,12:09:23,2.471
15-6-2020,12:09:24,2.481
15-6-2020,12:09:25,3.347
15-6-2020,12:09:26,2.736
15-6-2020,12:09:27,2.975
15-6-2020,12:09:28,2.668
15-6-2020,12:09:29,2.842
15-6-2020,12:09:30,2.874
15-6-2020,12:09:31,5.995
15-6-2020,12:09:32,2.393
15-6-2020,12:09:33,2.502
15-6-2020,12:09:34,3.416
15-6-2020,12:09:35,2.39
15-6-2020,12:09:36,2.413
15-6-2020,12:09:37,2.475
15-6-2020,12:09:38,2.707
15-6-2020,12:09:39,2.815
15-6-2020,12:09:40,2.896
15-6-2020,12:09:41,3.375
15-6-2020,12:09:42,3.586
15-6-2020,12:09:43,2.568
15-6-2020,12:09:44,2.965
15-6-2020,12:09:45,2.514
15-6-2020,12:09:46,2.173
15-6-2020,12:09:47,4.046
15-6-2020,12:09:48,2.785
15-6-2020,12:09:49,3.144
15-6-2020,12:09:50,3.445
15-6-2020,12:09:51,2.634
15-6-2020,12:09:52,2.826
15-6-2020,12:09:53,4.1
15-6-2020,12:09:54,2.666
15-6-2020,12:09:55,2.521
15-6-2020,12:09:56,2.588
15-6-2020,12:09:57,3.164
15-6-2020,12:09:58,3.464
15-6-2020,12:09:59,2.727
15-6-2020,12:10:00,3.141
15-6-2020,12:10:01,2.962
15-6-2020,12:10:02,2.816
15-6-2020,12:10:03,2.648
15-6-2020,12:10:04,7.292
15-6-2020,12:10:05,2.472
15-6-2020,12:10:06,3.539
15-6-2020,12:10:07,3.496
15-6-2020,12:10:08,3.432
15-6-2020,12:10:09,2.5
15-6-2020,12:10:10,3.674
15-6-2020,12:10:11,2.443
15-6-2020,12:10:12,2.758
15-6-2020,12:10:13,2.511
15-6-2020,12:10:14,3.302
15-6-2020,12:10:15,2.561
15-6-2020,12:10:16,2.815
15-6-2020,12:10:17,2.728
15-6-2020,12:10:18,2.913
15-6-2020,12:10:19,3.102
15-6-2020,12:10:20,2.448
15-6-2020,12:10:21,2.711
15-6-2020,12:10:22,2.545
15-6-2020,12:10:23,4.657
15-6-2020,12:10:24,2.438
15-6-2020,12:10:25,3.182
15-6-2020,12:10:26,5.395
15-6-2020,12:10:27,2.678
15-6-2020,12:10:28,3.212
15-6-2020,12:10:29,2.278
15-6-2020,12:10:30,2.744
15-6-2020,12:10:31,3.177
15-6-2020,12:10:32,2.621
15-6-2020,12:10:33,3.614
15-6-2020,12:10:34,2.777
15-6-2020,12:10:35,3.668
15-6-2020,12:10:36,2.664
15-6-2020,12:10:37,2.473
15-6-2020,12:10:38,2.98
15-6-2020,12:10:39,5.409
15-6-2020,12:10:40,6.727
15-6-2020,12:10:41,2.667
15-6-2020,12:10:42,3.217
15-6-2020,12:10:43,3.041
15-6-2020,12:10:44,3.203
15-6-2020,12:10:45,2.624
15-6-2020,12:10:46,3.32
15-6-2020,12:10:47,3.32
15-6-2020,12:10:48,3.434
15-6-2020,12:10:49,3.451
15-6-2020,12:10:50,2.751
15-6-2020,12:10:51,2.954
15-6-2020,12:10:52,2.929
15-6-2020,12:10:53,2.467
15-6-2020,12:10:54,2.362
15-6-2020,12:10:55,2.813
15-6-2020,12:10:56,2.391
15-6-2020,12:10:57,3.205
15-6-2020,12:10:58,2.66
15-6-2020,12:10:59,4.498
15-6-2020,12:11:00,4.512
15-6-2020,12:11:01,3.606
15-6-2020,12:11:02,5.876
15-6-2020,12:11:03,2.642
15-6-2020,12:11:04,2.521
15-6-2020,12:11:05,3.514
15-6-2020,12:11:06,2.534
15-6-2020,12:11:07,2.609
15-6-2020,12:11:08,4.323
15-6-2020,12:11:09,3.714
15-6-2020,12:11:10,3.207
15-6-2020,12:11:11,3.345
15-6-2020,12:11:12,6.008
15-6-2020,12:11:13,3.289
15-6-2020,12:11:14,2.723
15-6-2020,12:11:15,3.196
15-6-2020,12:11:16,7.345
15-6-2020,12:11:17,3.352
15-6-2020,12:11:18,4.894
15-6-2020,12:11:19,2.537
15-6-2020,12:11:20,2.757
15-6-2020,12:11:21,2.453
15-6-2020,12:11:22,2.562
15-6-2020,12:11:23,3.753
15-6-2020,12:11:24,2.492
15-6-2020,12:11:25,2.212
15-6-2020,12:11:26,2.757
15-6-2020,12:11:27,2.971
15-6-2020,12:11:28,2.957
15-6-2020,12:11:29,4.637
15-6-2020,12:11:30,3.533
15-6-2020,12:11:31,3.154
15-6-2020,12:11:32,2.897
15-6-2020,12:11:33,2.275
15-6-2020,12:11:34,2.674
15-6-2020,12:11:35,2.972
15-6-2020,12:11:36,2.668
15-6-2020,12:11:37,2.84
15-6-2020,12:11:38,2.654
15-6-2020,12:11:39,3.25
15-6-2020,12:11:40,3.746
15-6-2020,12:11:41,2.92
15-6-2020,12:11:42,2.995
15-6-2020,12:11:43,11.24
15-6-2020,12:11:44,2.505
15-6-2020,12:11:45,3.318
15-6-2020,12:11:46,3.064
15-6-2020,12:11:47,3.063
15-6-2020,12:11:48,2.662
15-6-2020,12:11:49,2.658
15-6-2020,12:11:50,2.744
15-6-2020,12:11:51,3.389
15-6-2020,12:11:52,2.992
15-6-2020,12:11:53,4.789
15-6-2020,12:11:54,3.01
15-6-2020,12:11:55,4.062
15-6-2020,12:11:56,3.916
15-6-2020,12:11:57,2.763
15-6-2020,12:11:58,2.706
15-6-2020,12:11:59,2.774
15-6-2020,12:12:00,3.079
15-6-2020,12:12:01,3.023
15-6-2020,12:12:02,3.183
15-6-2020,12:12:03,3.743
15-6-2020,12:12:04,2.648
15-6-2020,12:12:05,2.946
15-6-2020,12:12:06,6.72
15-6-2020,12:12:07,2.756
15-6-2020,12:12:08,2.71
15-6-2020,12:12:09,4.289
15-6-2020,12:12:10,3.873
15-6-2020,12:12:11,3.024
15-6-2020,12:12:12,2.848
15-6-2020,12:12:13,2.737
15-6-2020,12:12:14,2.808
15-6-2020,12:12:15,2.741
15-6-2020,12:12:16,2.859
15-6-2020,12:12:17,2.979
15-6-2020,12:12:18,3.012
15-6-2020,12:12:19,5.064
15-6-2020,12:12:20,6.382
15-6-2020,12:12:21,3.274
15-6-2020,12:12:22,2.623
15-6-2020,12:12:23,3.571
15-6-2020,12:12:24,2.872
15-6-2020,12:12:25,2.621
15-6-2020,12:12:26,2.279
15-6-2020,12:12:27,3.563
15-6-2020,12:12:29,2.857
15-6-2020,12:12:30,3.299
15-6-2020,12:12:31,2.535
15-6-2020,12:12:32,2.636
15-6-2020,12:12:33,5.368
15-6-2020,12:12:34,3.378
15-6-2020,12:12:35,3.105
15-6-2020,12:12:36,5.17
15-6-2020,12:12:37,3.834
15-6-2020,12:12:38,2.713
15-6-2020,12:12:39,12.165
15-6-2020,12:12:40,3.219
15-6-2020,12:12:41,2.737
15-6-2020,12:12:42,3.694
15-6-2020,12:12:43,2.692
15-6-2020,12:12:44,2.981
15-6-2020,12:12:45,2.349
15-6-2020,12:12:46,2.99
15-6-2020,12:12:47,6.743
15-6-2020,12:12:48,3.162
15-6-2020,12:12:49,3.983
15-6-2020,12:12:50,3.181
15-6-2020,12:12:51,7.224
15-6-2020,12:12:52,3.471
15-6-2020,12:12:53,5.318
15-6-2020,12:12:54,2.697
15-6-2020,12:12:55,2.543
15-6-2020,12:12:56,2.95
15-6-2020,12:12:57,3.406
15-6-2020,12:12:58,2.548
15-6-2020,12:12:59,3.209
15-6-2020,12:13:00,3.129
15-6-2020,12:13:01,3.101
15-6-2020,12:13:02,3.971
15-6-2020,12:13:03,3.052
15-6-2020,12:13:04,2.661
15-6-2020,12:13:05,5.196
15-6-2020,12:13:06,2.879
15-6-2020,12:13:07,3.694
15-6-2020,12:13:08,2.721
15-6-2020,12:13:09,2.467
15-6-2020,12:13:10,2.172
15-6-2020,12:13:11,2.203
15-6-2020,12:13:12,2.502
15-6-2020,12:13:13,2.968
15-6-2020,12:13:14,2.675
15-6-2020,12:13:15,3.872
15-6-2020,12:13:16,2.972
15-6-2020,12:13:17,4.504
15-6-2020,12:13:18,3.633
15-6-2020,12:13:19,8.948
15-6-2020,12:13:20,2.579
15-6-2020,12:13:21,2.523
15-6-2020,12:13:22,3.339
15-6-2020,12:13:23,3.214
15-6-2020,12:13:24,3.245
15-6-2020,12:13:25,3.895
15-6-2020,12:13:26,3.359
15-6-2020,12:13:27,2.797
15-6-2020,12:13:28,5.781
15-6-2020,12:13:29,4.873
15-6-2020,12:13:30,2.639
15-6-2020,12:13:31,4.042
15-6-2020,12:13:32,2.742
15-6-2020,12:13:33,2.564
15-6-2020,12:13:34,2.63
15-6-2020,12:13:35,2.564
15-6-2020,12:13:36,3.222
15-6-2020,12:13:37,2.789
15-6-2020,12:13:38,4.001
15-6-2020,12:13:39,2.355
15-6-2020,12:13:40,11.135
15-6-2020,12:13:41,4.011
15-6-2020,12:13:42,3.107
15-6-2020,12:13:43,3.112
15-6-2020,12:13:44,2.692
15-6-2020,12:13:45,2.172
15-6-2020,12:13:46,2.897
15-6-2020,12:13:47,8.078
15-6-2020,12:13:48,3.012
15-6-2020,12:13:49,4.628
15-6-2020,12:13:50,2.553
15-6-2020,12:13:51,2.955
15-6-2020,12:13:52,2.602
15-6-2020,12:13:53,3.2
15-6-2020,12:13:54,2.869
15-6-2020,12:13:55,4.939
15-6-2020,12:13:56,2.53
15-6-2020,12:13:57,3.319
15-6-2020,12:13:58,2.317
15-6-2020,12:13:59,2.688
15-6-2020,12:14:00,3.561
15-6-2020,12:14:01,3.063
15-6-2020,12:14:02,3.241
15-6-2020,12:14:03,3.001
15-6-2020,12:14:04,2.319
15-6-2020,12:14:05,2.527
15-6-2020,12:14:06,3.086
15-6-2020,12:14:07,5.947
15-6-2020,12:14:08,2.566
15-6-2020,12:14:09,3.08
15-6-2020,12:14:10,2.967
15-6-2020,12:14:11,2.498
15-6-2020,12:14:12,2.477
15-6-2020,12:14:13,2.746
15-6-2020,12:14:14,2.771
15-6-2020,12:14:15,3.333
15-6-2020,12:14:16,2.659
15-6-2020,12:14:17,2.433
15-6-2020,12:14:18,2.629
15-6-2020,12:14:19,8.59
15-6-2020,12:14:20,2.549
15-6-2020,12:14:21,2.326
15-6-2020,12:14:22,2.39
15-6-2020,12:14:23,3.466
15-6-2020,12:14:24,2.929
15-6-2020,12:14:25,2.498
15-6-2020,12:14:26,2.37
15-6-2020,12:14:27,7.609
15-6-2020,12:14:28,4.019
15-6-2020,12:14:29,2.967
15-6-2020,12:14:30,2.997
15-6-2020,12:14:31,10.381
15-6-2020,12:14:32,3.045
15-6-2020,12:14:33,2.815
15-6-2020,12:14:34,2.742
15-6-2020,12:14:35,2.984
15-6-2020,12:14:36,3.299
15-6-2020,12:14:37,3.088
15-6-2020,12:14:38,2.877
15-6-2020,12:14:39,7.683
15-6-2020,12:14:40,3.694
15-6-2020,12:14:41,2.544
15-6-2020,12:14:42,2.851
15-6-2020,12:14:43,2.552
15-6-2020,12:14:44,2.727
15-6-2020,12:14:45,3.042
15-6-2020,12:14:46,3.075
15-6-2020,12:14:47,2.901
15-6-2020,12:14:48,2.786
15-6-2020,12:14:49,7.723
15-6-2020,12:14:50,3.562
15-6-2020,12:14:51,3.766
15-6-2020,12:14:52,2.601
15-6-2020,12:14:53,4.004
15-6-2020,12:14:54,2.418
15-6-2020,12:14:55,2.816
15-6-2020,12:14:56,2.544
15-6-2020,12:14:57,2.734
15-6-2020,12:14:58,3.787
15-6-2020,12:14:59,3.062
15-6-2020,12:15:00,5.05
15-6-2020,12:15:01,3.212
15-6-2020,12:15:02,4.07
15-6-2020,12:15:03,3.005
15-6-2020,12:15:04,2.946
15-6-2020,12:15:05,2.617
15-6-2020,12:15:06,3.008
15-6-2020,12:15:07,2.644
15-6-2020,12:15:08,3.09
15-6-2020,12:15:09,8.829
15-6-2020,12:15:10,3.276
15-6-2020,12:15:11,2.57
15-6-2020,12:15:12,3.414
15-6-2020,12:15:13,3.494
15-6-2020,12:15:14,3.011
15-6-2020,12:15:15,2.932
15-6-2020,12:15:16,2.971
15-6-2020,12:15:17,2.542
15-6-2020,12:15:18,2.954
15-6-2020,12:15:19,2.777
15-6-2020,12:15:20,6.563
15-6-2020,12:15:21,5.529
15-6-2020,12:15:22,2.788
15-6-2020,12:15:23,2.775
15-6-2020,12:15:24,3.698
15-6-2020,12:15:25,2.449
15-6-2020,12:15:26,3.376
15-6-2020,12:15:27,2.695
15-6-2020,12:15:28,3.848
15-6-2020,12:15:29,2.918
15-6-2020,12:15:30,4.328
15-6-2020,12:15:31,2.266
15-6-2020,12:15:32,2.763
15-6-2020,12:15:33,2.276
15-6-2020,12:15:34,2.489
15-6-2020,12:15:35,5.644
15-6-2020,12:15:36,3.406
15-6-2020,12:15:37,2.789
15-6-2020,12:15:38,3.393
15-6-2020,12:15:39,2.399
15-6-2020,12:15:40,3.275
15-6-2020,12:15:41,2.581
15-6-2020,12:15:42,2.311
15-6-2020,12:15:43,2.752
15-6-2020,12:15:44,6.365
15-6-2020,12:15:45,3.409
15-6-2020,12:15:46,3.215
15-6-2020,12:15:47,2.605
15-6-2020,12:15:48,2.779
15-6-2020,12:15:49,5.432
15-6-2020,12:15:50,3.755
15-6-2020,12:15:51,2.922
15-6-2020,12:15:52,2.319
15-6-2020,12:15:53,2.762
15-6-2020,12:15:54,2.661
15-6-2020,12:15:55,2.875
15-6-2020,12:15:56,7.951
15-6-2020,12:15:57,2.782
15-6-2020,12:15:58,2.693
15-6-2020,12:15:59,3.18
15-6-2020,12:16:00,2.274
15-6-2020,12:16:01,3.262
15-6-2020,12:16:02,2.713
15-6-2020,12:16:03,2.676
15-6-2020,12:16:04,2.341
15-6-2020,12:16:05,7.102
15-6-2020,12:16:06,2.6
15-6-2020,12:16:07,2.293
15-6-2020,12:16:08,2.311
15-6-2020,12:16:09,2.77
15-6-2020,12:16:10,3.131
15-6-2020,12:16:11,3.692
15-6-2020,12:16:12,2.733
15-6-2020,12:16:13,3.039
15-6-2020,12:16:14,2.254
15-6-2020,12:16:15,3.07
15-6-2020,12:16:16,4.396
15-6-2020,12:16:17,2.968
15-6-2020,12:16:18,3.506
15-6-2020,12:16:19,3.104
15-6-2020,12:16:20,3.599
15-6-2020,12:16:21,3.155
15-6-2020,12:16:22,2.274
15-6-2020,12:16:23,3.567
15-6-2020,12:16:24,3.181
15-6-2020,12:16:25,2.932
15-6-2020,12:16:26,5.678
15-6-2020,12:16:27,3.311
15-6-2020,12:16:28,2.9
15-6-2020,12:16:29,3.235
15-6-2020,12:16:30,14.056
15-6-2020,12:16:31,2.295
15-6-2020,12:16:32,2.549
15-6-2020,12:16:33,2.286
15-6-2020,12:16:34,3.1
15-6-2020,12:16:35,2.414
15-6-2020,12:16:36,2.492
15-6-2020,12:16:37,2.274
15-6-2020,12:16:38,2.553
15-6-2020,12:16:39,3.393
15-6-2020,12:16:40,2.656
15-6-2020,12:16:41,2.872
15-6-2020,12:16:42,2.531
15-6-2020,12:16:43,2.385
15-6-2020,12:16:44,3.068
15-6-2020,12:16:45,2.442
15-6-2020,12:16:46,2.503
15-6-2020,12:16:47,8.517
15-6-2020,12:16:48,2.871
15-6-2020,12:16:49,2.644
15-6-2020,12:16:50,2.376
15-6-2020,12:16:51,3.342
15-6-2020,12:16:52,4.689
15-6-2020,12:16:53,2.171
15-6-2020,12:16:54,3.585
15-6-2020,12:16:55,2.423
15-6-2020,12:16:56,2.899
15-6-2020,12:16:57,2.785
15-6-2020,12:16:58,2.796
15-6-2020,12:16:59,3.116
15-6-2020,12:17:00,2.667
15-6-2020,12:17:01,3.28
15-6-2020,12:17:02,3.254
15-6-2020,12:17:03,3.144
15-6-2020,12:17:04,2.521
15-6-2020,12:17:05,2.644
15-6-2020,12:17:06,2.403
15-6-2020,12:17:07,2.947
15-6-2020,12:17:08,2.919
15-6-2020,12:17:09,2.69
15-6-2020,12:17:10,3.353
15-6-2020,12:17:11,3.392
15-6-2020,12:17:12,3.431
15-6-2020,12:17:13,3.576
15-6-2020,12:17:14,5.625
15-6-2020,12:17:15,3.033
15-6-2020,12:17:16,2.824
15-6-2020,12:17:17,8.35
15-6-2020,12:17:18,3.661
15-6-2020,12:17:19,2.395
15-6-2020,12:17:20,2.527
15-6-2020,12:17:21,2.597
15-6-2020,12:17:22,4.628
15-6-2020,12:17:23,2.274
15-6-2020,12:17:24,2.266
15-6-2020,12:17:25,2.657
15-6-2020,12:17:26,2.309
15-6-2020,12:17:27,2.436
15-6-2020,12:17:28,2.447
15-6-2020,12:17:29,3.449
15-6-2020,12:17:30,2.711
15-6-2020,12:17:31,2.774
15-6-2020,12:17:32,2.586
15-6-2020,12:17:33,5.388
15-6-2020,12:17:34,3.885
15-6-2020,12:17:35,2.91
15-6-2020,12:17:36,5.04
15-6-2020,12:17:37,3.437
15-6-2020,12:17:38,2.865
15-6-2020,12:17:39,2.849
15-6-2020,12:17:40,3.383
15-6-2020,12:17:41,2.381
15-6-2020,12:17:42,3.59
15-6-2020,12:17:43,2.585
15-6-2020,12:17:44,3.028
15-6-2020,12:17:45,2.66
15-6-2020,12:17:46,3.993
15-6-2020,12:17:47,3.005
15-6-2020,12:17:48,2.622
15-6-2020,12:17:49,2.309
15-6-2020,12:17:50,2.416
15-6-2020,12:17:51,4.188
15-6-2020,12:17:52,3.503
15-6-2020,12:17:53,3.777
15-6-2020,12:17:54,3.391
15-6-2020,12:17:55,3.689
15-6-2020,12:17:56,2.804
15-6-2020,12:17:57,3.214
15-6-2020,12:17:58,2.612
15-6-2020,12:17:59,5.609
15-6-2020,12:18:00,2.354
15-6-2020,12:18:01,2.834
15-6-2020,12:18:02,7.267
15-6-2020,12:18:03,3.944
15-6-2020,12:18:04,3.13
15-6-2020,12:18:05,3.606
15-6-2020,12:18:06,2.752
15-6-2020,12:18:07,3.057
15-6-2020,12:18:08,2.725
15-6-2020,12:18:09,4.253
15-6-2020,12:18:10,3.284
15-6-2020,12:18:11,2.763
15-6-2020,12:18:12,2.422
15-6-2020,12:18:13,2.807
15-6-2020,12:18:14,2.816
15-6-2020,12:18:15,4.264
15-6-2020,12:18:16,2.959
15-6-2020,12:18:17,4.702
15-6-2020,12:18:18,2.33
15-6-2020,12:18:19,2.91
15-6-2020,12:18:20,3.117
15-6-2020,12:18:21,3.591
15-6-2020,12:18:22,6.183
15-6-2020,12:18:23,2.427
15-6-2020,12:18:24,2.843
15-6-2020,12:18:25,3.445
15-6-2020,12:18:26,3.495
15-6-2020,12:18:27,2.606
15-6-2020,12:18:29,3.369
15-6-2020,12:18:30,2.816
15-6-2020,12:18:31,5.128
15-6-2020,12:18:32,3.52
15-6-2020,12:18:33,3.189
15-6-2020,12:18:34,2.61
15-6-2020,12:18:35,2.321
15-6-2020,12:18:36,2.69
15-6-2020,12:18:37,3.46
15-6-2020,12:18:38,2.717
15-6-2020,12:18:39,3.101
15-6-2020,12:18:40,2.707
15-6-2020,12:18:41,8.177
15-6-2020,12:18:42,3.465
15-6-2020,12:18:43,3.331
15-6-2020,12:18:44,3.235
15-6-2020,12:18:45,3.178
15-6-2020,12:18:46,3.785
15-6-2020,12:18:47,3.337
15-6-2020,12:18:48,2.575
15-6-2020,12:18:49,3.122
15-6-2020,12:18:50,5.629
15-6-2020,12:18:51,4.521
15-6-2020,12:18:52,2.524
15-6-2020,12:18:53,2.403
15-6-2020,12:18:54,4.254
15-6-2020,12:18:55,3.117
15-6-2020,12:18:56,8.246
15-6-2020,12:18:57,2.554
15-6-2020,12:18:58,2.429
15-6-2020,12:18:59,2.68
15-6-2020,12:19:00,3.149
15-6-2020,12:19:01,5.706
15-6-2020,12:19:02,2.725
15-6-2020,12:19:03,2.631
15-6-2020,12:19:04,2.769
15-6-2020,12:19:05,2.507
15-6-2020,12:19:06,3.289
15-6-2020,12:19:07,2.486
15-6-2020,12:19:08,4.159
15-6-2020,12:19:09,2.781
15-6-2020,12:19:10,2.66
15-6-2020,12:19:11,2.585
15-6-2020,12:19:12,3.376
15-6-2020,12:19:13,2.655
15-6-2020,12:19:14,2.462
15-6-2020,12:19:15,2.741
15-6-2020,12:19:16,3.407
15-6-2020,12:19:17,2.681
15-6-2020,12:19:18,3.086
15-6-2020,12:19:19,3.289
15-6-2020,12:19:20,4.782
15-6-2020,12:19:21,3.639
15-6-2020,12:19:22,5.601
15-6-2020,12:19:23,2.613
15-6-2020,12:19:24,3.565
15-6-2020,12:19:25,2.467
15-6-2020,12:19:26,2.129
15-6-2020,12:19:27,2.943
15-6-2020,12:19:28,3.897
15-6-2020,12:19:29,3.405
15-6-2020,12:19:30,2.365
15-6-2020,12:19:31,6.795
15-6-2020,12:19:32,3.255
15-6-2020,12:19:33,6.148
15-6-2020,12:19:34,3.07
15-6-2020,12:19:35,3.504
15-6-2020,12:19:36,7.013
15-6-2020,12:19:37,4.641
15-6-2020,12:19:38,2.968
15-6-2020,12:19:39,5.781
15-6-2020,12:19:40,2.411
15-6-2020,12:19:41,2.501
15-6-2020,12:19:42,3.269
15-6-2020,12:19:43,2.844
15-6-2020,12:19:44,2.802
15-6-2020,12:19:45,3.798
15-6-2020,12:19:46,2.541
15-6-2020,12:19:47,5.919
15-6-2020,12:19:48,4.202
15-6-2020,12:19:49,3.305
15-6-2020,12:19:50,3.957
15-6-2020,12:19:51,2.749
15-6-2020,12:19:52,3.889
15-6-2020,12:19:53,2.354
15-6-2020,12:19:54,4.673
15-6-2020,12:19:55,3.235
15-6-2020,12:19:56,2.712
15-6-2020,12:19:57,3.459
15-6-2020,12:19:58,3.504
15-6-2020,12:19:59,2.534
15-6-2020,12:20:00,8.561
15-6-2020,12:20:01,2.48
15-6-2020,12:20:02,3.444
15-6-2020,12:20:03,2.723
15-6-2020,12:20:04,6.853
15-6-2020,12:20:05,2.564
15-6-2020,12:20:06,2.468
15-6-2020,12:20:07,5.29
15-6-2020,12:20:08,2.595
15-6-2020,12:20:09,2.379
15-6-2020,12:20:10,2.621
15-6-2020,12:20:11,2.786
15-6-2020,12:20:12,5.615
15-6-2020,12:20:13,2.381
15-6-2020,12:20:14,3.764
15-6-2020,12:20:15,2.408
15-6-2020,12:20:16,3.498
15-6-2020,12:20:17,2.807
15-6-2020,12:20:18,2.454
15-6-2020,12:20:19,4.725
15-6-2020,12:20:20,2.407
15-6-2020,12:20:21,2.017
15-6-2020,12:20:22,3.543
15-6-2020,12:20:23,2.227
15-6-2020,12:20:24,2.462
15-6-2020,12:20:25,2.759
15-6-2020,12:20:26,2.699
15-6-2020,12:20:27,2.606
15-6-2020,12:20:28,2.267
15-6-2020,12:20:29,3.53
15-6-2020,12:20:30,2.935
15-6-2020,12:20:31,3.307
15-6-2020,12:20:32,2.703
15-6-2020,12:20:33,4.343
15-6-2020,12:20:34,3.436
15-6-2020,12:20:35,2.895
15-6-2020,12:20:36,2.512
15-6-2020,12:20:37,2.551
15-6-2020,12:20:38,3.518
15-6-2020,12:20:39,3.386
15-6-2020,12:20:40,4.01
15-6-2020,12:20:41,4.057
15-6-2020,12:20:42,3.918
15-6-2020,12:20:43,2.721
15-6-2020,12:20:44,2.95
15-6-2020,12:20:45,4.427
15-6-2020,12:20:46,2.754
15-6-2020,12:20:47,2.446
15-6-2020,12:20:48,2.79
15-6-2020,12:20:49,4.827
15-6-2020,12:20:50,3.211
15-6-2020,12:20:51,2.623
15-6-2020,12:20:52,2.712
15-6-2020,12:20:53,2.866
15-6-2020,12:20:54,3.355
15-6-2020,12:20:55,2.56
15-6-2020,12:20:56,2.553
15-6-2020,12:20:57,2.806
15-6-2020,12:20:58,2.827
15-6-2020,12:20:59,3.066
15-6-2020,12:21:00,2.749
15-6-2020,12:21:01,4.668
15-6-2020,12:21:02,2.611
15-6-2020,12:21:03,3.117
15-6-2020,12:21:04,9.479
15-6-2020,12:21:05,3.319
15-6-2020,12:21:06,2.693
15-6-2020,12:21:07,3.084
15-6-2020,12:21:08,3.011
15-6-2020,12:21:09,3.215
15-6-2020,12:21:10,2.779
15-6-2020,12:21:11,7.429
15-6-2020,12:21:12,3.472
15-6-2020,12:21:13,2.759
15-6-2020,12:21:14,2.624
15-6-2020,12:21:15,2.898
15-6-2020,12:21:16,4.072
15-6-2020,12:21:17,2.784
15-6-2020,12:21:18,4.86
15-6-2020,12:21:19,2.604
15-6-2020,12:21:20,2.909
15-6-2020,12:21:21,3.694
15-6-2020,12:21:22,13.036
15-6-2020,12:21:23,2.583
15-6-2020,12:21:24,2.599
15-6-2020,12:21:25,3.138
15-6-2020,12:21:26,3.02
15-6-2020,12:21:27,3.734
15-6-2020,12:21:28,2.465
15-6-2020,12:21:29,2.512
15-6-2020,12:21:30,2.611
15-6-2020,12:21:31,2.865
15-6-2020,12:21:32,3.006
15-6-2020,12:21:33,2.635
15-6-2020,12:21:34,2.556
15-6-2020,12:21:35,2.602
15-6-2020,12:21:36,3.393
15-6-2020,12:21:37,2.289
15-6-2020,12:21:38,3.228
15-6-2020,12:21:39,5.895
15-6-2020,12:21:40,2.924
15-6-2020,12:21:41,3.643
15-6-2020,12:21:42,3.315
15-6-2020,12:21:43,2.522
15-6-2020,12:21:44,3.136
15-6-2020,12:21:45,2.942
15-6-2020,12:21:46,3.203
15-6-2020,12:21:47,2.49
15-6-2020,12:21:48,3.21
15-6-2020,12:21:49,2.485
15-6-2020,12:21:50,3.042
15-6-2020,12:21:51,3.507
15-6-2020,12:21:52,2.674
15-6-2020,12:21:53,2.738
15-6-2020,12:21:54,7.859
15-6-2020,12:21:55,2.666
15-6-2020,12:21:56,3.374
15-6-2020,12:21:57,2.553
15-6-2020,12:21:58,6.759
15-6-2020,12:21:59,2.737
15-6-2020,12:22:00,2.897
15-6-2020,12:22:01,4.238
15-6-2020,12:22:02,3.139
15-6-2020,12:22:03,2.752
15-6-2020,12:22:04,3.131
15-6-2020,12:22:05,3.27
15-6-2020,12:22:06,2.617
15-6-2020,12:22:07,3.342
15-6-2020,12:22:08,3.241
15-6-2020,12:22:09,2.806
15-6-2020,12:22:10,3.101
15-6-2020,12:22:11,3.138
15-6-2020,12:22:12,6.12
15-6-2020,12:22:13,2.299
15-6-2020,12:22:14,2.396
15-6-2020,12:22:15,2.653
15-6-2020,12:22:16,4.121
15-6-2020,12:22:17,2.906
15-6-2020,12:22:18,2.496
15-6-2020,12:22:19,2.477
15-6-2020,12:22:20,2.997
15-6-2020,12:22:21,4.05
15-6-2020,12:22:22,3.542
15-6-2020,12:22:23,2.81
15-6-2020,12:22:24,3.058
15-6-2020,12:22:25,2.549
15-6-2020,12:22:26,3.598
15-6-2020,12:22:27,3.71
15-6-2020,12:22:28,2.67
15-6-2020,12:22:29,4.754
15-6-2020,12:22:30,3.427
15-6-2020,12:22:31,6.555
15-6-2020,12:22:32,5.171
15-6-2020,12:22:33,2.586
15-6-2020,12:22:34,2.911
15-6-2020,12:22:35,2.872
15-6-2020,12:22:36,4.471
15-6-2020,12:22:37,2.635
15-6-2020,12:22:38,2.733
15-6-2020,12:22:39,2.478
15-6-2020,12:22:40,2.837
15-6-2020,12:22:41,2.617
15-6-2020,12:22:42,3.256
15-6-2020,12:22:43,4.303
15-6-2020,12:22:44,3.953
15-6-2020,12:22:45,2.744
15-6-2020,12:22:46,2.358
15-6-2020,12:22:47,2.861
15-6-2020,12:22:48,2.139
15-6-2020,12:22:49,2.912
15-6-2020,12:22:51,416.57
15-6-2020,12:22:51,3.085
15-6-2020,12:22:52,4.275
15-6-2020,12:22:53,2.835
15-6-2020,12:22:54,2.657
15-6-2020,12:22:55,2.7
15-6-2020,12:22:56,3.458
15-6-2020,12:22:57,2.334
15-6-2020,12:22:58,2.174
15-6-2020,12:22:59,3.051
15-6-2020,12:23:00,2.356
15-6-2020,12:23:01,3.218
15-6-2020,12:23:02,2.214
15-6-2020,12:23:03,2.8
15-6-2020,12:23:04,2.517
15-6-2020,12:23:05,3.71
15-6-2020,12:23:06,3.282
15-6-2020,12:23:07,2.553
15-6-2020,12:23:08,2.368
15-6-2020,12:23:09,4.024
15-6-2020,12:23:10,4.091
15-6-2020,12:23:11,3.283
15-6-2020,12:23:12,5.682
15-6-2020,12:23:13,2.893
15-6-2020,12:23:14,3.042
15-6-2020,12:23:15,2.465
15-6-2020,12:23:16,4.84
15-6-2020,12:23:17,2.505
15-6-2020,12:23:18,2.666
15-6-2020,12:23:19,3.703
15-6-2020,12:23:20,3.805
15-6-2020,12:23:21,2.866
15-6-2020,12:23:22,2.719
15-6-2020,12:23:23,2.18
15-6-2020,12:23:24,3.218
15-6-2020,12:23:25,2.53
15-6-2020,12:23:26,2.221
15-6-2020,12:23:27,3.558
15-6-2020,12:23:28,2.514
15-6-2020,12:23:30,2.398
15-6-2020,12:23:31,2.732
15-6-2020,12:23:32,3.512
15-6-2020,12:23:33,2.687
15-6-2020,12:23:34,3.44
15-6-2020,12:23:35,5.289
15-6-2020,12:23:36,3.284
15-6-2020,12:23:37,2.409
15-6-2020,12:23:38,1.964
15-6-2020,12:23:39,3.459
15-6-2020,12:23:40,2.252
15-6-2020,12:23:41,2.338
15-6-2020,12:23:42,3.566
15-6-2020,12:23:43,2.8
15-6-2020,12:23:44,2.21
15-6-2020,12:23:45,2.778
15-6-2020,12:23:46,2.089
15-6-2020,12:23:47,2.411
15-6-2020,12:23:48,2.269
15-6-2020,12:23:49,3.69
15-6-2020,12:23:50,3.478
15-6-2020,12:23:51,3.059
15-6-2020,12:23:52,2.771
15-6-2020,12:23:53,2.812
15-6-2020,12:23:54,2.554
15-6-2020,12:23:55,2.767
15-6-2020,12:23:56,3.517
15-6-2020,12:23:57,2.493
15-6-2020,12:23:58,2.058
15-6-2020,12:23:59,2.677
15-6-2020,12:24:00,2.844
